PlayerId,Season,SeasonType,Goals,GoalsRank,Assists,AssistsRank,Points,PointsRank,PlusMinus,PlusMinusRank,Shots,ShotsRank,Hits,HitsRank,BlockedShots,BlockedShotsRank,Giveaways,GiveawaysRank,Takeaways,TakeawaysRank,PowerPlayTimeOnIce,PPTOIRank,ShortHandedTimeOnIce,SHTOIRank,PenaltyMinutes,PIMRank,TimeOnIce,TOIRank
8474563,2014-2015,Regular Season,3,337,17,43,20,107,4,148,96,46,66,82,62,34,31,20,2,587,8375,5,6160,15,26,102,61259,1
8474578,2014-2015,Regular Season,7,142,16,54,23,70,-15,759,127,4,40,234,32,155,47,2,27,14,9103,3,1335,348,10,401,54045,2
8474673,2014-2015,Regular Season,6,184,18,30,24,58,17,6,65,151,14,540,67,22,38,6,24,31,5565,104,4853,67,24,124,53933,3
8470966,2014-2015,Regular Season,10,56,24,8,34,13,15,10,86,65,35,292,79,10,23,58,14,173,6855,33,4858,66,25,116,53289,4
8470600,2014-2015,Regular Season,1,475,21,18,22,78,3,186,62,176,35,294,48,74,17,142,12,234,8064,8,4496,82,16,222,53283,5
8475171,2014-2015,Regular Season,8,115,8,219,16,180,-14,758,105,27,63,91,35,126,16,165,15,152,9206,2,5793,23,16,219,52783,6
8470281,2014-2015,Regular Season,6,166,13,109,19,124,10,42,85,71,7,647,42,102,21,80,19,93,7764,14,5146,51,12,313,52705,7
8474565,2014-2015,Regular Season,3,338,17,44,20,108,-12,745,98,42,40,235,81,9,17,136,8,356,5103,136,7048,3,6,484,52393,8
8474600,2014-2015,Regular Season,4,273,14,95,18,135,12,29,79,92,12,566,87,5,18,115,11,263,6391,60,4902,64,4,550,52392,9
8470642,2014-2015,Regular Season,6,171,16,55,22,80,14,17,88,60,74,62,68,21,29,29,9,316,6461,54,4747,73,26,104,52347,10
8474056,2014-2015,Regular Season,8,109,15,68,23,73,9,54,65,152,36,283,58,47,48,1,9,315,6659,49,3825,128,36,48,51368,11
8472382,2014-2015,Regular Season,0,628,9,211,9,308,-2,501,40,333,46,184,88,3,20,92,11,260,1599,346,9588,1,10,364,50774,12
8467496,2014-2015,Regular Season,5,202,14,93,19,122,8,66,60,190,29,359,60,41,28,30,14,171,6090,77,5402,37,14,262,50290,13
8471735,2014-2015,Regular Season,4,261,19,28,23,66,-7,668,105,26,11,583,49,71,32,18,11,256,10130,1,230,507,22,159,50159,14
8468509,2014-2015,Regular Season,5,204,13,112,18,137,-2,491,48,266,40,243,48,73,23,61,3,535,7151,24,5745,24,28,88,49875,15
8469770,2014-2015,Regular Season,10,52,11,141,21,101,-8,690,73,114,45,195,77,12,37,7,20,73,6127,75,1836,304,18,202,49640,16
8470613,2014-2015,Regular Season,10,55,17,38,27,38,-3,544,103,33,66,81,49,68,42,4,16,122,6683,47,3903,117,32,68,49467,17
8470602,2014-2015,Regular Season,2,382,16,59,18,134,11,35,62,172,97,23,77,11,25,43,12,228,6835,34,6211,13,65,7,49133,18
8475753,2014-2015,Regular Season,6,192,14,92,20,115,-13,752,92,52,56,119,44,86,22,68,23,43,5482,110,4456,84,20,175,49026,19
8475222,2014-2015,Regular Season,9,85,15,65,24,60,1,261,60,192,50,161,76,14,21,73,18,104,8084,7,3898,119,22,148,48502,20
8469623,2014-2015,Regular Season,4,248,13,113,17,147,-5,623,62,179,40,239,39,114,17,144,10,293,6177,71,560,432,26,111,48293,21
8470110,2014-2015,Regular Season,7,126,9,194,16,176,-14,757,48,268,13,552,67,23,17,137,17,114,6145,73,6211,14,20,170,48066,22
8471303,2014-2015,Regular Season,3,320,7,274,10,293,4,163,92,50,43,210,66,25,25,46,12,229,6033,80,5142,52,22,147,47852,23
8471274,2014-2015,Regular Season,1,485,14,98,15,185,1,267,42,307,50,162,64,30,34,14,12,225,4242,177,6433,9,4,547,47798,24
8473446,2014-2015,Regular Season,9,78,10,170,19,129,-1,408,83,77,62,95,66,24,25,45,20,75,5464,112,5296,43,27,95,47723,25
8471873,2014-2015,Regular Season,2,390,11,165,13,222,12,30,53,233,44,198,35,130,17,147,14,175,5222,127,5933,21,14,261,47529,26
8471729,2014-2015,Regular Season,0,620,15,78,15,184,-1,411,55,225,29,360,109,1,31,19,16,124,5162,132,1585,319,11,360,47451,27
8474590,2014-2015,Regular Season,4,272,22,14,26,45,11,32,85,70,40,237,61,38,30,25,21,63,3232,250,6010,17,14,260,47356,28
8474031,2014-2015,Regular Season,5,224,23,11,28,32,14,13,79,91,24,422,55,53,15,184,17,116,6960,31,4045,105,36,47,47057,29
8476462,2014-2015,Regular Season,7,151,13,108,20,117,1,263,82,81,46,180,26,197,18,123,11,265,4625,156,3599,159,16,227,46973,30
8474574,2014-2015,Regular Season,1,507,6,319,7,377,-4,596,52,245,35,296,70,19,26,38,19,91,5506,109,5950,19,35,53,46826,31
8470607,2014-2015,Regular Season,6,168,14,89,20,112,4,149,77,97,53,136,55,52,28,31,12,227,5876,89,4001,107,12,317,46600,32
8471958,2014-2015,Regular Season,2,392,6,309,8,344,3,196,52,243,81,43,71,16,25,44,11,258,4098,186,5682,27,10,367,46558,33
8476854,2014-2015,Regular Season,4,294,11,161,15,187,11,37,50,250,27,392,29,170,31,22,14,169,4147,182,4533,79,16,221,46537,34
8469619,2014-2015,Regular Season,3,308,5,352,8,351,-1,425,48,265,81,44,65,27,6,463,2,605,453,452,5529,32,20,172,46504,35
8468309,2014-2015,Regular Season,4,247,18,31,22,79,9,55,62,173,24,426,41,109,18,119,7,388,7867,10,646,421,14,285,46076,36
8471769,2014-2015,Regular Season,1,493,7,285,8,340,10,47,29,432,20,479,53,61,43,3,26,16,317,471,5685,26,20,171,46025,37
8471702,2014-2015,Regular Season,2,389,10,182,12,246,-3,552,43,301,55,125,43,91,25,48,21,65,2786,274,3978,110,14,267,45620,38
8470834,2014-2015,Regular Season,8,102,11,150,19,128,2,224,112,15,102,14,21,234,20,98,22,54,8535,4,1498,331,53,13,45408,39
8471709,2014-2015,Regular Season,4,260,6,302,10,298,10,46,44,289,20,474,43,97,13,235,3,544,2967,262,4945,59,15,249,45048,40
8474027,2014-2015,Regular Season,1,499,12,139,13,221,5,125,40,330,44,201,61,37,18,117,12,233,1049,375,4692,75,32,66,45039,41
8466285,2014-2015,Regular Season,1,448,7,284,8,339,0,328,53,237,17,509,35,134,13,237,4,503,6703,42,1500,330,2,632,44968,42
8475233,2014-2015,Regular Season,5,235,7,265,12,261,-11,743,45,287,71,71,41,105,8,397,3,552,4634,155,5241,46,22,145,44937,43
8468498,2014-2015,Regular Season,0,579,7,288,7,368,5,133,29,434,127,4,91,2,14,203,1,639,59,617,5628,28,32,65,44899,44
8475764,2014-2015,Regular Season,4,287,14,96,18,136,2,225,39,341,24,428,44,89,33,16,13,200,5279,122,3555,165,0,697,44571,45
8476923,2014-2015,Regular Season,4,297,8,230,12,256,-4,591,74,108,10,603,23,224,30,27,8,350,5049,140,3086,199,16,231,44214,46
8471724,2014-2015,Regular Season,8,104,15,67,23,72,7,79,94,47,54,128,53,60,27,34,17,111,6762,36,5547,31,23,137,44194,47
8474602,2014-2015,Regular Season,3,340,11,163,14,207,-7,673,50,256,19,484,49,70,28,32,9,317,5916,86,924,392,4,575,44021,48
8470699,2014-2015,Regular Season,0,597,5,384,5,446,-5,639,30,429,87,32,61,36,15,183,14,180,239,496,5941,20,18,194,43968,49
8476885,2014-2015,Regular Season,4,296,8,229,12,255,3,191,63,167,41,226,65,29,32,17,16,123,4006,191,6955,5,16,218,43833,50
8470640,2014-2015,Regular Season,3,315,5,355,8,354,7,82,38,348,15,532,54,56,21,77,10,290,1677,342,4178,95,12,315,43702,51
8473512,2014-2015,Regular Season,11,45,30,2,41,3,12,25,132,3,31,334,17,304,22,70,21,66,7046,28,1859,300,18,201,43663,52
8469760,2014-2015,Regular Season,0,590,5,383,5,445,-5,638,49,259,44,199,86,6,14,204,6,425,98,570,6353,10,10,365,43655,53
8471677,2014-2015,Regular Season,3,324,13,116,16,167,-22,770,49,262,67,80,46,77,15,185,7,391,5626,102,5212,48,18,195,43598,54
8471284,2014-2015,Regular Season,1,486,12,138,13,220,-7,675,45,286,27,395,62,35,21,75,24,32,3882,202,4056,103,6,492,43284,55
8469665,2014-2015,Regular Season,1,466,2,548,3,558,1,287,37,360,26,406,61,40,19,106,12,231,217,504,4289,89,10,374,43237,56
8470612,2014-2015,Regular Season,12,35,27,3,39,5,9,49,89,57,42,221,45,83,30,26,21,64,7494,20,3643,147,31,77,43182,57
8471686,2014-2015,Regular Season,1,489,4,424,5,461,2,247,39,342,36,285,51,65,14,206,22,60,344,462,5098,53,24,123,43038,58
8465185,2014-2015,Regular Season,1,445,1,601,2,603,-6,667,30,431,51,156,76,13,11,294,9,330,292,478,6774,8,17,209,42916,59
8470616,2014-2015,Regular Season,12,36,15,61,27,41,-1,404,109,20,84,38,28,175,16,168,20,80,6761,37,4841,68,38,39,42823,60
8471296,2014-2015,Regular Season,0,606,10,184,10,281,5,128,18,544,92,27,62,33,25,47,8,351,267,486,5490,36,26,103,42822,61
8473507,2014-2015,Regular Season,3,330,5,358,8,357,-20,769,67,145,54,129,43,92,37,8,15,142,1774,333,3536,168,14,273,42748,62
8470318,2014-2015,Regular Season,0,594,7,290,7,370,-4,594,47,271,48,174,25,207,31,23,8,349,311,473,5808,22,28,87,42607,63
8469598,2014-2015,Regular Season,3,307,3,456,6,429,-3,561,62,178,52,143,59,43,34,15,12,226,3820,204,3639,149,48,19,42530,64
8477932,2014-2015,Regular Season,5,241,14,94,19,123,6,92,63,165,44,197,36,122,15,189,10,294,5758,95,917,393,16,239,42406,65
8474520,2014-2015,Regular Season,3,336,14,97,17,146,10,44,56,213,22,454,41,110,18,120,11,264,4154,181,4764,72,8,431,42404,66
8473563,2014-2015,Regular Season,11,46,25,6,36,10,1,260,68,140,41,225,17,299,14,219,24,36,6258,67,1406,342,26,108,42381,67
8476454,2014-2015,Regular Season,9,88,13,104,22,87,-7,670,80,89,35,293,16,315,19,111,24,33,5543,105,3762,134,15,251,42251,68
8477497,2014-2015,Regular Season,11,49,11,140,22,89,6,90,97,43,27,387,18,286,21,87,23,44,6263,66,1434,340,2,633,42216,69
8470794,2014-2015,Regular Season,16,5,13,100,29,31,5,114,126,5,37,269,33,145,18,121,22,56,6502,52,3188,194,15,254,42007,70
8474564,2014-2015,Regular Season,16,10,17,35,33,15,-2,486,103,32,33,314,11,435,16,178,14,177,7830,11,384,470,16,242,41998,71
8474141,2014-2015,Regular Season,16,9,20,19,36,11,9,50,110,17,12,565,8,546,14,229,21,68,7779,13,102,553,2,662,41964,72
8475197,2014-2015,Regular Season,3,346,18,32,21,92,-5,622,57,212,28,378,38,119,17,145,20,79,6031,81,221,509,16,244,41865,73
8471214,2014-2015,Regular Season,16,6,12,120,28,35,5,115,163,1,121,5,16,308,21,88,18,105,7642,17,36,608,26,113,41851,74
8475166,2014-2015,Regular Season,13,32,16,48,29,30,-5,620,98,40,19,483,13,400,39,5,31,5,8151,6,81,564,16,245,41831,75
8468542,2014-2015,Regular Season,1,456,6,315,7,373,8,73,29,433,18,497,58,48,17,138,10,292,2488,289,5998,18,10,366,41592,76
8471742,2014-2015,Regular Season,5,220,16,56,21,93,9,56,53,234,100,19,69,20,35,11,26,17,6315,64,3920,115,14,268,41582,77
8477215,2014-2015,Regular Season,2,435,11,166,13,223,6,99,42,304,32,327,41,108,15,188,3,541,3202,253,4219,94,10,375,41509,78
8477499,2014-2015,Regular Season,2,439,4,416,6,428,-18,768,44,296,54,133,59,42,20,93,3,537,3284,248,2371,264,14,279,41393,79
8473412,2014-2015,Regular Season,13,26,10,168,23,77,5,118,64,162,24,425,18,287,10,337,16,135,6407,57,4445,86,10,372,41314,80
8475181,2014-2015,Regular Season,5,233,10,174,15,189,8,69,48,263,32,326,33,146,10,327,15,160,4784,146,1708,314,10,398,41310,81
8471217,2014-2015,Regular Season,11,42,14,82,25,54,3,184,103,31,87,31,11,427,26,41,14,172,6325,63,3864,121,32,69,41228,82
8475690,2014-2015,Regular Season,2,420,7,281,9,320,5,131,32,406,17,511,82,8,24,53,10,289,722,404,5273,45,8,430,41102,83
8468083,2014-2015,Regular Season,7,124,23,9,30,19,-1,402,113,14,25,413,11,438,17,159,21,67,7495,19,235,506,14,289,41034,84
8473604,2014-2015,Regular Season,13,27,16,46,29,28,9,52,86,66,21,458,2,675,18,135,19,95,7654,16,3109,197,20,177,40964,85
8469555,2014-2015,Regular Season,2,375,8,233,10,287,15,12,66,146,44,196,29,167,9,370,6,433,3693,218,3515,169,12,320,40911,86
8474162,2014-2015,Regular Season,3,334,13,117,16,168,-3,546,72,119,79,49,44,85,27,35,7,386,5660,99,1282,351,12,338,40783,87
8473449,2014-2015,Regular Season,8,105,21,17,29,26,-4,586,116,11,22,449,11,440,24,56,18,100,7909,9,86,560,8,464,40745,88
8475455,2014-2015,Regular Season,0,696,5,389,5,451,-2,510,34,388,60,102,54,55,21,76,5,454,279,484,2922,219,34,58,40712,89
8471218,2014-2015,Regular Season,10,57,15,62,25,51,4,144,105,24,54,127,26,195,16,170,14,176,6691,46,3711,138,45,23,40638,90
8474037,2014-2015,Regular Season,15,12,17,36,32,17,-3,543,112,16,28,373,13,393,16,177,20,81,7330,22,2455,257,21,167,40602,91
8466139,2014-2015,Regular Season,7,122,20,22,27,36,-2,489,107,21,39,252,9,491,26,42,19,92,6714,40,2420,259,4,556,40573,92
8470047,2014-2015,Regular Season,6,163,18,29,24,57,-9,711,54,232,8,636,14,375,9,381,26,20,7809,12,1590,318,12,335,40324,93
8474053,2014-2015,Regular Season,13,28,16,47,29,29,2,220,110,18,31,335,29,169,26,40,16,125,6563,51,3288,185,2,625,40313,94
8468493,2014-2015,Regular Season,1,453,3,479,4,503,-9,718,33,400,44,204,57,49,17,139,7,389,609,424,3934,114,4,552,40285,95
8471215,2014-2015,Regular Season,16,7,25,5,41,4,2,218,105,25,11,582,10,479,23,65,22,51,7740,15,153,529,56,11,40141,96
8468535,2014-2015,Regular Season,8,96,14,86,22,85,-10,726,53,241,48,173,21,237,17,152,12,235,6379,61,3645,146,26,106,39671,97
8448208,2014-2015,Regular Season,5,199,15,75,20,109,-12,746,78,94,4,694,6,602,25,52,25,22,5322,119,36,609,24,133,39545,98
8470257,2014-2015,Regular Season,8,98,13,105,21,98,-1,406,102,35,16,517,12,420,21,90,17,112,6680,48,3483,174,19,187,39447,99
8466333,2014-2015,Regular Season,1,449,2,545,3,555,-10,733,33,401,76,55,41,104,17,143,5,459,220,503,3900,118,25,117,39356,100
8475158,2014-2015,Regular Season,6,185,13,110,19,125,-11,738,77,99,22,451,14,370,9,380,46,1,5378,116,3855,122,6,493,39287,101
8475794,2014-2015,Regular Season,25,1,17,33,42,2,5,113,137,2,29,353,14,364,21,89,20,78,7200,23,205,513,12,348,39266,102
8470222,2014-2015,Regular Season,2,380,12,136,14,204,-10,727,62,181,46,181,35,129,14,212,5,463,6403,59,3625,157,16,226,39263,103
8475098,2014-2015,Regular Season,13,31,15,60,28,34,-2,488,79,93,34,304,26,199,14,214,41,2,7142,25,1471,335,4,564,39147,104
8473994,2014-2015,Regular Season,10,63,20,21,30,23,-2,487,104,29,56,118,21,236,24,55,29,8,6747,38,3076,201,36,51,39143,105
8466138,2014-2015,Regular Season,8,93,22,12,30,20,2,219,69,130,13,550,11,443,35,13,28,10,6692,44,986,385,4,573,39088,106
8475793,2014-2015,Regular Season,9,86,21,16,30,22,-13,751,76,103,24,423,9,503,23,66,20,77,6697,43,2722,231,22,153,39049,107
8474586,2014-2015,Regular Season,6,183,14,91,20,114,-15,760,81,86,25,414,15,339,27,36,13,201,5521,107,144,534,14,291,39011,108
8475168,2014-2015,Regular Season,10,65,11,144,21,104,-2,490,93,49,20,471,19,273,17,154,25,25,5665,98,537,438,8,457,39005,109
8474157,2014-2015,Regular Season,13,29,14,81,27,43,16,8,117,7,51,148,18,281,18,125,25,23,4844,144,3279,186,18,197,38771,110
8475176,2014-2015,Regular Season,3,345,10,178,13,225,8,70,70,125,23,442,43,96,16,164,13,207,4110,185,1271,352,27,98,38715,111
8473991,2014-2015,Regular Season,2,399,5,364,7,385,-1,428,25,487,46,188,65,28,16,163,9,320,84,590,4221,93,8,433,38704,112
8474581,2014-2015,Regular Season,2,412,6,311,8,346,-12,749,42,314,36,284,45,84,31,21,20,74,5076,139,664,418,6,517,38653,113
8474068,2014-2015,Regular Season,7,138,15,70,22,82,-9,712,83,78,17,507,15,343,18,126,15,147,6441,56,1901,295,20,179,38644,114
8476879,2014-2015,Regular Season,1,551,7,287,8,342,2,238,50,251,27,393,48,75,8,395,6,435,1585,347,5621,30,0,696,38569,115
8476878,2014-2015,Regular Season,9,91,9,190,18,145,3,188,61,184,71,70,31,159,5,496,7,406,3338,242,4735,74,13,301,38508,116
8467371,2014-2015,Regular Season,9,73,19,25,28,33,14,14,40,328,18,494,8,539,16,181,11,267,6403,58,44,601,10,418,38493,117
8476460,2014-2015,Regular Season,6,196,13,111,19,126,3,187,65,154,30,342,25,209,16,172,25,26,5118,134,1982,290,14,280,38475,118
8462038,2014-2015,Regular Season,7,121,11,151,18,140,-11,739,82,82,82,41,10,454,23,64,18,102,6327,62,193,514,23,141,38286,119
8470614,2014-2015,Regular Season,1,477,8,238,9,312,6,104,26,473,74,64,74,15,21,74,6,420,89,585,6914,6,37,42,38210,120
8471816,2014-2015,Regular Season,1,494,4,425,5,462,-8,704,39,346,29,362,71,17,22,67,8,353,646,418,5316,41,6,487,38141,121
8471269,2014-2015,Regular Season,3,318,5,356,8,355,10,48,28,446,64,90,46,78,15,186,2,590,75,598,5312,42,14,263,38137,122
8474161,2014-2015,Regular Season,14,15,32,1,46,1,17,5,104,28,14,537,11,442,20,102,12,230,6890,32,62,584,18,206,38107,123
8470604,2014-2015,Regular Season,10,54,16,50,26,47,7,77,82,79,37,270,14,358,15,196,13,209,7002,30,3116,196,16,230,38094,124
8469521,2014-2015,Regular Season,10,51,13,103,23,76,6,88,89,58,16,518,26,203,20,97,15,146,3716,213,4166,97,14,266,38060,125
8473548,2014-2015,Regular Season,17,4,21,15,38,6,-4,585,114,13,9,621,7,577,30,28,14,170,7606,18,8,656,8,472,38033,126
8470626,2014-2015,Regular Season,9,74,12,125,21,100,8,65,68,139,22,452,12,418,6,474,24,41,4207,178,3493,172,6,495,37995,127
8476461,2014-2015,Regular Season,9,90,9,189,18,144,0,313,53,236,26,402,15,338,16,175,22,58,3441,237,5388,39,16,220,37928,128
8474066,2014-2015,Regular Season,2,401,9,208,11,268,3,193,25,485,34,309,59,44,14,205,12,236,596,428,3629,156,12,318,37928,129
8474589,2014-2015,Regular Season,8,111,14,87,22,86,-7,669,81,85,37,271,17,301,5,512,10,312,6173,72,1046,376,27,99,37924,130
8468513,2014-2015,Regular Season,0,581,7,289,7,369,6,106,23,498,40,247,66,26,13,233,3,543,661,416,5227,47,22,146,37895,131
8474218,2014-2015,Regular Season,1,504,6,318,7,376,-12,750,41,326,48,175,34,140,20,94,23,45,3206,252,2959,215,18,198,37893,132
8467875,2014-2015,Regular Season,8,94,22,13,30,21,4,143,86,67,14,538,6,595,10,355,6,431,6618,50,1676,316,4,563,37839,133
8466148,2014-2015,Regular Season,7,123,15,69,22,81,2,223,106,23,34,303,11,434,14,223,30,7,5242,126,3552,167,12,319,37783,134
8470201,2014-2015,Regular Season,13,23,20,20,33,14,9,51,66,147,13,551,6,596,18,134,17,113,6458,55,101,554,6,527,37726,135
8467876,2014-2015,Regular Season,6,158,23,10,29,25,6,84,35,373,9,626,10,482,10,350,14,190,6483,53,1904,294,4,561,37710,136
8475179,2014-2015,Regular Season,0,684,9,213,9,310,-4,593,31,421,36,286,31,161,10,329,3,547,3743,212,5086,54,14,264,37649,137
8470638,2014-2015,Regular Season,6,170,20,23,26,46,5,116,100,37,26,401,32,157,9,369,25,28,4142,183,3629,155,26,107,37473,138
8471185,2014-2015,Regular Season,6,174,15,73,21,95,8,64,64,161,68,76,27,183,25,50,22,50,5537,106,475,445,28,91,37436,139
8474628,2014-2015,Regular Season,2,414,6,313,8,348,-10,728,51,249,60,101,84,7,7,432,5,476,1924,324,2566,254,16,233,37343,140
8473422,2014-2015,Regular Season,16,8,14,79,30,24,-1,403,71,122,90,29,20,249,12,269,24,37,5815,91,2943,217,20,178,37129,141
8469459,2014-2015,Regular Season,5,206,11,158,16,172,4,154,82,80,13,549,10,477,12,286,21,70,7103,26,2836,227,12,325,37101,142
8474618,2014-2015,Regular Season,8,112,5,329,13,242,1,271,56,215,37,272,44,87,15,187,9,323,1448,353,4451,85,38,40,37092,143
8475765,2014-2015,Regular Season,20,3,17,34,37,9,18,4,121,6,16,515,8,540,4,559,20,90,6023,83,359,476,13,308,36982,144
8467452,2014-2015,Regular Season,0,574,5,382,5,444,5,137,18,545,18,505,46,80,14,208,5,462,188,516,6291,11,6,485,36914,145
8471675,2014-2015,Regular Season,10,60,27,4,37,7,12,26,96,45,28,374,11,437,22,72,18,103,6707,41,777,407,26,109,36881,146
8476455,2014-2015,Regular Season,7,150,15,72,22,84,-10,725,107,22,72,66,30,164,17,148,28,12,5206,129,1180,360,31,79,36833,147
8476792,2014-2015,Regular Season,6,197,7,259,13,237,2,230,73,111,29,356,33,147,12,265,4,506,3962,195,540,437,11,362,36821,148
8476853,2014-2015,Regular Season,4,293,7,271,11,274,-1,418,69,133,47,178,41,107,25,49,20,76,3895,201,1332,349,6,512,36707,149
8474679,2014-2015,Regular Season,14,16,8,215,22,91,-7,671,84,76,21,459,9,506,11,322,15,159,6796,35,65,581,14,296,36587,150
8474716,2014-2015,Regular Season,3,344,7,275,10,294,4,164,61,183,29,358,61,39,12,259,13,214,4421,169,3637,151,2,623,36504,151
8471685,2014-2015,Regular Season,7,133,16,53,23,69,-5,621,58,206,41,227,18,284,25,51,10,288,6273,65,3662,144,4,554,36424,152
8470655,2014-2015,Regular Season,8,100,7,249,15,196,-6,652,77,98,91,28,34,136,9,367,19,97,4652,152,3677,142,36,49,36408,153
8470151,2014-2015,Regular Season,1,470,3,481,4,505,-5,646,38,355,17,510,41,111,7,434,8,369,2324,298,5337,40,12,312,36349,154
8474571,2014-2015,Regular Season,9,79,11,146,20,118,-4,587,69,134,52,142,7,556,12,291,16,134,6212,69,164,526,6,524,36190,155
8474062,2014-2015,Regular Season,4,270,12,133,16,170,-3,547,43,300,42,223,23,218,15,192,18,108,5080,138,3586,160,8,437,36164,156
8476177,2014-2015,Regular Season,3,355,10,180,13,227,-6,654,60,193,34,306,21,241,13,242,15,155,3685,220,4502,81,10,371,36125,157
8475218,2014-2015,Regular Season,1,519,8,241,9,315,9,62,30,424,26,407,43,95,14,209,14,182,843,391,2023,286,22,155,35988,158
8474739,2014-2015,Regular Season,9,82,14,84,23,74,0,309,88,61,136,2,26,190,23,63,18,101,3230,251,2865,222,24,128,35967,159
8470104,2014-2015,Regular Season,1,468,4,422,5,459,6,108,26,474,13,560,71,18,23,59,6,419,1972,322,3579,162,18,196,35903,160
8468208,2014-2015,Regular Season,10,50,7,245,17,163,2,227,60,191,14,541,19,275,8,412,14,192,3193,254,4092,100,6,491,35887,161
8471426,2014-2015,Regular Season,10,59,7,246,17,164,4,152,69,128,85,36,17,294,17,156,22,57,5957,84,4167,96,15,250,35871,162
8462042,2014-2015,Regular Season,8,92,15,66,23,71,0,308,63,170,57,114,14,351,12,276,13,215,5170,131,459,449,24,132,35839,163
8474102,2014-2015,Regular Season,5,227,12,131,17,153,-16,761,70,127,68,75,12,412,19,113,12,232,5348,118,45,597,18,207,35830,164
8474091,2014-2015,Regular Season,7,139,7,253,14,215,1,268,69,131,38,261,23,219,15,193,23,46,3678,221,5512,35,4,549,35764,165
8469506,2014-2015,Regular Season,7,125,17,41,24,59,3,185,114,12,11,581,11,447,10,347,12,242,7052,27,119,547,4,592,35685,166
8474870,2014-2015,Regular Season,13,30,24,7,37,8,23,2,91,53,22,450,18,288,9,376,12,245,4076,187,3894,120,10,378,35597,167
8475172,2014-2015,Regular Season,10,66,12,124,22,88,6,89,80,88,53,135,12,414,15,197,25,27,5101,137,209,512,14,290,35397,168
8471707,2014-2015,Regular Season,11,44,10,169,21,106,14,18,109,19,36,280,9,494,18,131,15,148,5950,85,19,634,37,45,35375,169
8471262,2014-2015,Regular Season,6,175,17,42,23,67,7,78,72,116,32,323,17,303,11,312,10,300,4022,190,112,551,10,414,35283,170
8473473,2014-2015,Regular Season,6,179,11,157,17,157,3,189,54,228,105,9,12,410,20,101,11,261,3503,233,73,571,62,9,35276,171
8471887,2014-2015,Regular Season,13,25,16,45,29,27,13,20,117,8,39,251,14,357,5,518,20,89,6732,39,181,521,20,185,35229,172
8466378,2014-2015,Regular Season,11,39,13,102,24,62,-1,405,65,157,6,662,14,377,22,71,22,52,6128,74,332,482,10,409,35159,173
8474190,2014-2015,Regular Season,15,13,9,186,24,65,1,262,87,63,75,59,17,295,13,246,16,129,6692,45,28,620,25,121,35115,174
8470724,2014-2015,Regular Season,1,479,5,375,6,417,3,204,38,349,50,164,34,139,13,238,4,504,259,491,3601,158,35,54,35058,175
8471976,2014-2015,Regular Season,5,222,15,77,20,111,6,91,41,316,9,624,21,247,10,334,10,303,4507,161,124,544,10,413,34987,176
8470606,2014-2015,Regular Season,6,167,5,337,11,279,-8,696,87,64,92,26,17,293,22,69,15,145,3604,228,3102,198,8,438,34973,177
8469455,2014-2015,Regular Season,6,161,19,27,25,48,-11,737,72,120,10,604,7,575,37,10,25,21,7017,29,165,525,8,461,34937,178
8475177,2014-2015,Regular Season,0,683,6,325,6,411,-2,508,37,364,63,92,63,31,18,116,6,422,483,444,3828,125,10,379,34933,179
8476438,2014-2015,Regular Season,7,149,15,71,22,83,5,119,75,106,27,389,9,499,16,180,16,127,4500,162,2309,268,4,558,34858,180
8476887,2014-2015,Regular Season,13,33,19,24,32,16,24,1,98,38,43,209,14,354,16,176,22,59,5898,88,26,625,4,599,34834,181
8476346,2014-2015,Regular Season,10,70,17,39,27,39,9,53,70,124,3,710,15,350,37,9,31,6,5609,103,12,642,0,727,34826,182
8475768,2014-2015,Regular Season,11,47,16,49,27,40,10,41,77,95,28,376,18,285,10,336,21,71,5209,128,2180,273,6,508,34802,183
8477495,2014-2015,Regular Season,1,557,6,322,7,380,8,74,40,329,19,485,39,115,21,81,13,202,3623,225,2718,232,14,278,34777,184
8470144,2014-2015,Regular Season,6,164,11,155,17,155,-1,409,73,112,23,441,42,101,12,264,23,47,6228,68,3690,141,4,553,34771,185
8477496,2014-2015,Regular Season,8,119,7,251,15,198,-8,693,74,110,53,137,12,415,17,158,15,150,5426,115,191,515,8,460,34749,186
8467890,2014-2015,Regular Season,1,451,8,237,9,311,6,103,32,405,37,276,56,50,13,234,8,358,32,653,4938,60,20,174,34655,187
8475170,2014-2015,Regular Season,9,84,14,85,23,75,6,87,65,153,59,104,15,326,13,248,16,131,5815,92,71,573,17,214,34574,188
8476463,2014-2015,Regular Season,1,542,3,492,4,516,13,24,31,414,10,608,37,121,10,326,14,187,2109,313,3289,184,2,624,34493,189
8462196,2014-2015,Regular Season,0,566,5,380,5,442,12,31,22,510,86,35,53,57,12,261,4,505,301,477,4091,101,30,82,34492,190
8474207,2014-2015,Regular Season,2,408,4,412,6,424,-16,765,33,402,58,108,35,128,14,211,11,268,3506,232,5166,50,24,122,34477,191
8475798,2014-2015,Regular Season,3,353,10,179,13,226,0,317,44,294,25,416,19,269,14,218,9,324,5301,120,659,419,4,579,34442,192
8477492,2014-2015,Regular Season,5,240,16,57,21,94,-9,713,103,34,23,439,19,271,21,86,19,94,5252,125,125,541,17,213,34404,193
8470324,2014-2015,Regular Season,0,595,4,432,4,493,-10,732,13,609,41,233,87,4,9,359,3,549,1322,362,5028,58,10,368,34324,194
8474627,2014-2015,Regular Season,8,113,17,40,25,49,13,21,57,208,16,520,15,344,9,378,21,72,5110,135,1371,343,20,180,34313,195
8467344,2014-2015,Regular Season,1,450,4,417,5,454,11,40,34,381,104,12,25,205,16,171,4,500,263,488,4801,71,27,96,34299,196
8464956,2014-2015,Regular Season,0,567,2,566,2,585,-1,449,20,532,56,122,45,82,21,78,6,421,533,432,4581,77,10,369,34297,197
8473564,2014-2015,Regular Season,7,135,11,153,18,142,8,67,80,87,28,375,17,306,12,272,21,69,2782,275,2574,251,8,440,34190,198
8474567,2014-2015,Regular Season,0,658,8,243,8,338,-1,423,50,254,54,132,33,144,20,95,5,456,2253,304,4494,83,26,105,34177,199
8475791,2014-2015,Regular Season,10,69,11,145,21,105,-8,691,88,62,40,236,20,254,35,12,12,224,4665,151,578,428,20,183,34121,200
8474166,2014-2015,Regular Season,3,335,9,206,12,249,11,39,58,200,55,123,58,45,19,107,4,496,3668,222,2845,225,6,500,34113,201
8474090,2014-2015,Regular Season,2,403,5,365,7,386,-3,560,26,481,25,419,32,158,16,166,9,321,598,427,2859,223,22,152,34099,202
8470041,2014-2015,Regular Season,23,2,13,99,36,12,16,7,116,9,26,400,9,501,24,57,32,4,5784,93,2643,240,10,391,34091,203
8467338,2014-2015,Regular Season,12,34,12,123,24,63,5,117,45,281,13,553,15,346,10,344,12,241,4673,150,3446,176,16,228,34063,204
8475164,2014-2015,Regular Season,4,277,12,134,16,171,2,229,91,55,23,440,16,322,6,471,20,87,2045,320,3453,175,14,274,34062,205
8475188,2014-2015,Regular Season,0,686,10,185,10,282,-2,500,34,387,96,24,32,152,24,54,8,352,2467,292,2044,285,33,61,34021,206
8470667,2014-2015,Regular Season,9,75,8,217,17,162,-7,672,73,113,40,238,10,460,13,251,17,117,6031,82,1178,361,22,158,33933,207
8475754,2014-2015,Regular Season,14,18,13,101,27,44,6,85,94,48,51,149,19,264,21,85,28,11,7343,21,2293,269,12,328,33930,208
8476851,2014-2015,Regular Season,10,71,15,64,25,53,6,86,76,100,45,194,17,298,11,311,13,217,3989,192,248,501,15,257,33844,209
8470121,2014-2015,Regular Season,2,377,1,595,3,577,2,254,27,463,87,33,54,54,26,39,4,495,215,506,5699,25,38,38,33831,210
8471233,2014-2015,Regular Season,4,255,4,401,8,359,-6,658,39,345,21,465,12,419,18,129,13,205,4065,188,3364,180,10,383,33816,211
8468526,2014-2015,Regular Season,3,305,9,205,12,248,9,59,44,290,76,53,28,177,8,402,6,436,2665,284,3980,108,32,67,33813,212
8475790,2014-2015,Regular Season,1,530,4,428,5,465,2,248,48,264,77,50,28,176,9,371,0,695,2974,261,3786,131,31,76,33759,213
8474715,2014-2015,Regular Season,8,114,6,295,14,218,-7,674,98,41,29,354,16,319,7,444,24,40,5266,124,1873,298,8,441,33691,214
8474009,2014-2015,Regular Season,8,108,13,106,21,99,4,147,72,117,11,585,33,151,14,213,24,35,3936,197,3352,181,10,384,33586,215
8475191,2014-2015,Regular Season,8,117,9,193,17,161,3,190,69,129,39,253,19,267,16,173,16,126,4160,180,56,588,8,466,33528,216
8471339,2014-2015,Regular Season,10,58,15,63,25,52,4,145,76,101,72,67,19,261,9,374,19,98,6093,76,362,474,12,345,33487,217
8474038,2014-2015,Regular Season,5,225,5,338,10,302,-3,555,47,270,61,98,17,296,12,271,29,9,1358,359,3076,202,6,499,33436,218
8470630,2014-2015,Regular Season,7,129,4,395,11,280,13,23,32,403,58,109,53,59,23,60,7,387,250,493,3489,173,12,321,33327,219
8471699,2014-2015,Regular Season,4,259,5,345,9,328,-6,656,64,164,57,113,12,413,18,128,13,204,276,485,3715,137,6,494,33312,220
8474040,2014-2015,Regular Season,5,226,11,160,16,174,-5,625,74,109,29,355,7,561,17,161,15,151,4816,145,32,616,18,208,33268,221
8470828,2014-2015,Regular Season,1,481,8,239,9,313,-1,419,23,501,9,629,38,120,17,146,3,539,5688,97,4151,99,12,316,33162,222
8470595,2014-2015,Regular Season,7,127,11,152,18,141,-9,714,86,68,20,472,13,398,14,222,15,153,4616,157,359,477,10,408,33091,223
8473962,2014-2015,Regular Season,5,223,12,130,17,152,-17,766,49,261,11,586,4,634,14,231,20,82,4733,149,821,401,8,454,33087,224
8473618,2014-2015,Regular Season,8,107,9,192,17,160,1,265,67,142,36,282,8,523,11,324,22,62,5658,100,98,555,20,186,33072,225
8474818,2014-2015,Regular Season,0,674,6,324,6,410,-8,701,31,423,34,308,44,88,21,79,5,455,1936,323,3320,183,22,149,32997,226
8476292,2014-2015,Regular Season,7,148,14,88,21,97,16,9,57,207,48,172,28,178,20,96,22,53,3761,209,3369,179,16,229,32947,227
8475760,2014-2015,Regular Season,12,38,7,244,19,132,0,312,89,59,64,88,16,310,14,220,8,357,4457,166,1575,321,14,281,32895,228
8474641,2014-2015,Regular Season,9,81,11,147,20,119,0,310,50,252,23,445,22,230,9,373,15,162,3748,210,4233,92,6,490,32793,229
8473544,2014-2015,Regular Season,8,106,19,26,27,37,2,221,58,204,43,213,6,587,16,182,14,179,5697,96,782,406,12,340,32755,230
8473492,2014-2015,Regular Season,15,11,4,392,19,133,12,28,85,69,80,45,18,278,17,155,9,318,3924,198,637,422,20,182,32594,231
8468508,2014-2015,Regular Season,8,95,11,149,19,127,5,121,85,72,16,519,10,475,19,114,11,262,3605,227,400,467,21,169,32531,232
8475848,2014-2015,Regular Season,9,87,9,188,18,143,6,95,97,44,18,493,15,342,10,343,17,119,4180,179,140,537,12,349,32529,233
8468064,2014-2015,Regular Season,6,159,9,197,15,191,-8,692,40,338,44,203,8,519,11,323,10,301,3809,205,1534,327,30,84,32459,234
8475149,2014-2015,Regular Season,9,83,11,148,20,120,0,311,64,163,28,377,6,592,13,256,10,297,6040,79,84,562,0,719,32428,235
8473419,2014-2015,Regular Season,10,61,11,143,21,103,9,57,75,105,21,460,7,565,20,104,26,18,2856,270,2489,255,38,41,32420,236
8476062,2014-2015,Regular Season,7,147,5,334,12,266,-5,630,53,239,53,138,13,382,20,99,22,55,1793,331,2569,253,12,327,32311,237
8468085,2014-2015,Regular Season,13,22,12,122,25,56,0,307,116,10,16,516,8,541,10,353,12,243,5909,87,318,485,4,588,32306,238
8475193,2014-2015,Regular Season,14,17,10,167,24,64,2,222,91,54,33,315,9,496,15,200,13,211,5282,121,30,618,12,352,32167,239
8476881,2014-2015,Regular Season,7,152,7,254,14,216,-3,551,65,158,27,390,9,500,31,24,7,385,3040,260,53,591,10,416,32151,240
8476437,2014-2015,Regular Season,4,290,5,349,9,332,-8,699,76,102,14,539,13,403,12,280,20,84,5173,130,315,488,10,410,32074,241
8474774,2014-2015,Regular Season,0,673,5,388,5,450,-10,731,28,462,76,57,43,90,8,396,2,599,44,636,3826,127,40,28,32051,242
8470598,2014-2015,Regular Season,5,212,15,76,20,110,-1,407,56,217,12,567,5,612,28,33,11,257,6209,70,46,594,6,533,32039,243
8470852,2014-2015,Regular Season,6,172,8,223,14,212,-6,653,70,126,23,443,20,256,10,335,12,240,5482,111,742,409,2,642,31976,244
8474096,2014-2015,Regular Season,6,182,9,199,15,193,4,155,39,339,53,140,23,217,5,500,3,564,456,450,3732,136,16,225,31862,245
8470886,2014-2015,Regular Season,0,601,1,623,1,628,0,360,32,408,63,93,45,81,19,108,4,497,311,474,3072,203,32,71,31821,246
8471476,2014-2015,Regular Season,1,487,13,119,14,202,11,38,37,356,48,176,29,166,7,438,25,29,41,642,7157,2,6,483,31776,247
8470187,2014-2015,Regular Season,2,379,12,135,14,203,6,98,62,175,51,151,38,116,11,299,8,360,4759,147,2709,234,10,388,31713,248
8477205,2014-2015,Regular Season,0,756,5,391,5,453,6,107,21,517,18,501,35,133,13,236,4,502,149,532,1994,289,10,394,31687,249
8470274,2014-2015,Regular Season,6,165,10,172,16,175,5,122,81,83,31,336,15,335,10,342,15,161,3802,206,3195,192,6,496,31677,250
8470610,2014-2015,Regular Season,13,24,14,80,27,42,8,63,101,36,35,291,21,240,5,504,18,110,6082,78,703,414,25,120,31671,251
8471392,2014-2015,Regular Season,3,323,2,530,5,485,-7,679,28,459,102,16,62,32,11,295,15,157,116,554,4933,61,12,314,31631,252
8475772,2014-2015,Regular Season,7,145,10,171,17,158,2,226,61,185,6,663,6,599,9,390,11,273,5434,113,303,490,6,521,31543,253
8475784,2014-2015,Regular Season,8,118,8,220,16,181,-4,588,104,30,11,584,7,573,18,133,25,24,4372,171,27,621,4,598,31486,254
8471676,2014-2015,Regular Season,6,176,14,90,20,113,5,120,77,96,50,159,13,385,12,278,24,38,5773,94,444,453,10,407,31468,255
8473534,2014-2015,Regular Season,4,267,7,269,11,272,0,321,63,171,39,256,13,390,5,521,12,254,2366,297,2203,272,12,329,31370,256
8473579,2014-2015,Regular Season,6,180,7,255,13,233,-2,494,48,267,49,168,26,196,10,332,14,188,519,435,3511,171,15,253,31315,257
8471804,2014-2015,Regular Season,3,326,10,177,13,224,-2,493,92,51,32,321,4,627,10,357,16,137,4910,142,1449,338,10,400,31315,258
8475692,2014-2015,Regular Season,6,191,12,127,18,139,10,43,64,160,50,160,16,311,11,313,28,13,3794,207,800,404,23,140,31212,259
8476855,2014-2015,Regular Season,4,295,4,404,8,362,-16,763,69,137,43,211,10,459,21,91,10,291,4464,165,6,660,8,474,31055,260
8470920,2014-2015,Regular Season,9,76,3,444,12,267,-3,553,65,159,80,46,11,428,9,385,10,306,4430,167,21,632,39,37,31042,261
8475236,2014-2015,Regular Season,6,190,7,258,13,236,1,270,61,186,20,473,26,201,12,267,20,83,3348,241,3833,124,14,270,31013,262
8460542,2014-2015,Regular Season,4,242,9,201,13,229,-16,762,41,327,7,649,11,448,18,130,11,266,3977,194,3708,139,2,622,30889,263
8474579,2014-2015,Regular Season,2,411,2,543,4,529,-7,682,23,507,57,116,46,79,14,207,6,426,122,548,3334,182,10,385,30839,264
8469707,2014-2015,Regular Season,6,162,9,198,15,192,-4,590,66,150,22,453,14,371,7,447,12,247,4262,176,66,579,14,295,30827,265
8471242,2014-2015,Regular Season,4,256,13,115,17,149,4,151,55,223,27,391,27,187,23,62,15,144,4497,163,1016,381,10,404,30821,266
8474849,2014-2015,Regular Season,7,143,9,196,16,178,-3,549,52,244,43,214,29,168,17,149,17,115,2142,310,3973,111,76,3,30718,267
8467407,2014-2015,Regular Season,4,244,6,301,10,297,-8,697,53,240,30,346,15,337,4,549,15,167,3471,234,527,439,6,518,30686,268
8467330,2014-2015,Regular Season,6,155,8,222,14,211,-5,627,33,397,19,487,11,441,14,224,12,239,5842,90,3787,130,14,272,30643,269
8475153,2014-2015,Regular Season,1,512,5,378,6,420,-1,434,31,420,59,106,35,127,4,542,7,407,1113,371,3826,126,14,271,30570,270
8471390,2014-2015,Regular Season,7,131,16,52,23,68,14,16,59,194,39,257,15,332,12,274,26,19,641,421,1342,347,6,511,30551,271
8473482,2014-2015,Regular Season,10,62,3,442,13,244,-11,742,47,273,31,338,17,305,13,247,16,130,3746,211,2699,235,6,503,30455,272
8467967,2014-2015,Regular Season,3,303,11,162,14,206,5,124,49,257,51,152,18,282,4,547,11,285,202,508,3638,150,11,358,30404,273
8475225,2014-2015,Regular Season,10,67,9,187,19,130,6,93,98,39,27,386,5,609,20,105,18,106,4883,143,12,643,10,419,30293,274
8469638,2014-2015,Regular Season,4,249,13,114,17,148,-3,545,56,219,8,635,18,291,10,339,14,189,4587,159,3276,187,22,150,30291,275
8476822,2014-2015,Regular Season,3,360,2,535,5,490,4,175,40,331,57,115,27,184,3,574,14,197,155,530,6988,4,18,193,30288,276
8471226,2014-2015,Regular Season,5,214,12,128,17,150,-12,748,61,189,34,305,9,495,9,388,8,364,5277,123,1152,366,31,80,30239,277
8474612,2014-2015,Regular Season,3,341,4,408,7,395,0,331,39,343,82,42,51,63,11,296,9,331,572,429,3086,200,52,14,30224,278
8471260,2014-2015,Regular Season,11,43,8,216,19,131,6,94,71,121,97,22,7,552,12,290,6,427,1709,339,843,397,30,85,30214,279
8468486,2014-2015,Regular Season,6,160,11,154,17,154,-11,740,85,73,70,73,20,250,13,243,16,128,5358,117,55,589,39,36,30198,280
8476453,2014-2015,Regular Season,14,20,17,37,31,18,20,3,79,90,27,388,13,394,20,100,13,203,3693,217,68,578,6,531,30081,281
8475155,2014-2015,Regular Season,1,513,8,240,9,314,9,61,37,357,113,6,49,66,9,360,4,513,1196,368,865,395,50,16,30041,282
8473468,2014-2015,Regular Season,0,630,5,385,5,447,5,138,25,484,62,97,18,279,13,245,5,465,94,576,5195,49,62,8,29991,283
8474176,2014-2015,Regular Season,7,140,6,297,13,240,5,126,58,203,32,325,16,317,19,112,24,34,198,510,4084,102,24,125,29989,284
8471346,2014-2015,Regular Season,9,77,16,51,25,50,15,11,75,104,10,602,9,509,14,227,15,154,3978,193,151,530,23,142,29975,285
8467545,2014-2015,Regular Season,4,246,10,176,14,209,-1,413,69,132,38,262,10,463,13,253,5,466,3139,258,18,636,24,134,29863,286
8471794,2014-2015,Regular Season,5,221,11,159,16,173,-3,548,67,143,51,150,11,431,6,475,8,373,2658,285,2845,226,2,628,29798,287
8469476,2014-2015,Regular Season,1,461,4,419,5,456,-8,703,22,514,80,47,46,76,9,362,3,550,100,568,3631,154,28,89,29796,288
8475180,2014-2015,Regular Season,8,116,7,250,15,197,0,315,46,277,51,153,13,384,13,250,36,3,1739,336,4245,91,16,223,29787,289
8470617,2014-2015,Regular Season,4,251,8,225,12,251,-5,628,42,312,37,273,6,589,27,37,15,143,3463,236,1865,299,37,43,29784,290
8476381,2014-2015,Regular Season,5,237,5,341,10,305,-4,592,54,229,60,100,15,325,6,472,6,439,5645,101,160,527,28,93,29759,291
8475745,2014-2015,Regular Season,3,352,11,164,14,208,-2,492,58,205,68,77,26,193,8,404,7,398,3315,243,74,570,22,161,29738,292
8475758,2014-2015,Regular Season,4,285,9,203,13,231,4,158,53,235,84,40,24,211,14,215,12,237,2852,271,2586,250,6,505,29694,293
8474727,2014-2015,Regular Season,5,231,3,449,8,365,3,199,44,292,29,361,36,123,5,494,10,310,537,431,5514,34,2,620,29639,294
8475750,2014-2015,Regular Season,2,421,5,368,7,389,-11,744,20,536,22,456,31,163,11,303,7,395,2687,281,3553,166,10,381,29620,295
8475199,2014-2015,Regular Season,4,279,6,305,10,301,2,236,63,169,43,212,18,283,11,309,7,396,4140,184,240,503,20,184,29554,296
8476459,2014-2015,Regular Season,9,89,7,247,16,182,1,266,59,197,54,130,13,381,11,316,13,218,4757,148,1051,375,4,571,29548,297
8476458,2014-2015,Regular Season,6,195,15,74,21,96,12,27,74,107,32,322,8,526,15,201,14,181,4425,168,1447,339,24,131,29544,298
8475169,2014-2015,Regular Season,6,187,7,257,13,235,1,269,81,84,84,39,10,453,11,320,14,186,3599,230,2474,256,46,22,29355,299
8471716,2014-2015,Regular Season,7,134,9,195,16,177,6,96,59,195,67,79,15,324,15,195,5,461,4292,175,2375,263,22,154,29342,300
8474584,2014-2015,Regular Season,2,413,6,312,8,347,-6,657,33,399,50,165,41,106,11,298,3,545,2725,280,1721,312,10,396,29340,301
8474151,2014-2015,Regular Season,2,407,8,235,10,289,10,45,44,288,13,554,34,142,21,82,11,259,3600,229,3512,170,10,382,29283,302
8473485,2014-2015,Regular Season,4,265,3,452,7,399,-13,755,69,136,39,254,7,557,20,103,8,355,3302,245,22,630,32,75,29279,303
8474569,2014-2015,Regular Season,8,110,8,218,16,179,11,36,70,123,24,424,10,473,6,479,12,250,4309,173,65,582,10,415,29242,304
8470755,2014-2015,Regular Season,8,101,9,191,17,159,-5,624,52,246,40,241,13,389,2,627,9,345,263,487,3962,112,24,126,29239,305
8470775,2014-2015,Regular Season,3,316,4,407,7,394,-5,634,42,313,89,30,29,165,11,304,14,185,476,445,3641,148,27,97,29125,306
8471698,2014-2015,Regular Season,5,218,7,264,12,260,0,320,56,216,30,345,14,363,9,379,16,138,3901,200,2104,278,13,305,29114,307
8475174,2014-2015,Regular Season,2,416,5,367,7,388,-6,659,20,533,76,58,33,143,13,239,7,392,138,539,3012,209,21,166,29089,308
8469469,2014-2015,Regular Season,3,306,4,406,7,393,-9,715,37,365,38,266,26,198,5,498,5,480,2154,308,3055,204,13,303,29041,309
8474074,2014-2015,Regular Season,2,402,3,467,5,472,2,250,33,393,12,570,21,245,17,153,15,149,1773,334,191,516,10,412,28923,310
8470543,2014-2015,Regular Season,10,53,11,142,21,102,11,34,57,209,73,65,11,429,12,283,9,328,5429,114,298,491,12,346,28874,311
8469508,2014-2015,Regular Season,1,463,4,420,5,457,-2,511,29,441,36,287,21,239,5,503,19,99,465,448,5295,44,9,421,28874,312
8475462,2014-2015,Regular Season,2,418,3,470,5,475,-5,643,54,230,104,11,55,51,12,260,8,359,86,588,1024,380,34,59,28840,313
8470778,2014-2015,Regular Season,1,480,4,423,5,460,2,246,40,332,53,139,34,138,5,495,12,252,133,543,6792,7,4,546,28815,314
8475722,2014-2015,Regular Season,12,37,4,393,16,183,-1,410,72,118,36,281,10,464,12,284,13,216,1056,373,2616,243,12,326,28813,315
8475726,2014-2015,Regular Season,10,68,14,83,24,61,14,15,84,74,41,224,3,649,17,162,13,206,3470,235,2068,282,12,332,28718,316
8468598,2014-2015,Regular Season,2,369,8,231,10,285,5,129,41,317,13,555,29,174,18,122,18,107,4298,174,45,598,2,666,28716,317
8470171,2014-2015,Regular Season,2,378,5,363,7,384,-4,597,40,336,44,202,21,238,5,502,24,42,783,398,6258,12,21,162,28707,318
8471232,2014-2015,Regular Season,3,317,7,272,10,291,-13,754,34,390,61,99,25,206,6,466,12,249,1420,356,3023,208,2,626,28606,319
8476456,2014-2015,Regular Season,3,358,10,181,13,228,0,318,61,187,31,337,7,560,7,457,14,194,4485,164,112,550,12,350,28586,320
8467389,2014-2015,Regular Season,6,156,12,126,18,138,9,58,84,75,9,622,12,423,12,281,11,270,4371,172,41,605,6,536,28534,321
8471691,2014-2015,Regular Season,6,177,11,156,17,156,1,264,57,210,68,78,13,380,7,449,16,139,3624,224,2360,265,25,118,28457,322
8474100,2014-2015,Regular Season,4,271,5,346,9,329,-7,676,41,324,37,274,4,626,9,393,11,275,979,382,1996,288,9,424,28404,323
8468504,2014-2015,Regular Season,5,203,9,200,14,210,0,316,62,177,29,357,14,365,12,277,11,269,3692,219,69,575,6,529,28376,324
8475163,2014-2015,Regular Season,6,186,7,256,13,234,-8,694,41,325,41,228,13,388,3,587,9,343,4592,158,2677,238,39,31,28190,325
8476871,2014-2015,Regular Season,11,48,3,441,14,219,13,22,58,199,35,295,8,524,13,255,16,132,3394,240,732,410,14,284,27981,326
8466140,2014-2015,Regular Season,2,365,0,663,2,619,0,358,57,211,33,318,10,468,6,478,4,517,321,470,2975,214,14,277,27937,327
8476473,2014-2015,Regular Season,2,429,3,473,5,478,-5,644,23,506,39,258,49,69,11,297,5,468,121,549,2815,229,15,255,27908,328
8469500,2014-2015,Regular Season,11,41,4,394,15,201,-1,412,56,218,10,605,4,637,13,257,14,184,3521,231,2713,233,18,199,27817,329
8475913,2014-2015,Regular Season,7,146,8,221,15,194,4,156,45,283,10,607,18,290,10,338,27,15,3775,208,2784,230,6,502,27800,330
8470317,2014-2015,Regular Season,0,593,3,503,3,541,1,284,13,597,39,260,58,46,6,464,8,371,51,627,4398,88,10,373,27746,331
8475323,2014-2015,Regular Season,4,282,8,226,12,252,2,233,65,156,15,529,22,232,5,501,13,222,68,605,5051,57,20,173,27730,332
8471436,2014-2015,Regular Season,0,612,7,291,7,371,8,72,28,447,29,366,31,162,13,241,10,296,1705,340,637,423,10,406,27711,333
8475799,2014-2015,Regular Season,14,19,3,440,17,166,-11,741,69,135,59,103,9,490,6,481,12,251,3641,223,1519,329,10,399,27656,334
8473584,2014-2015,Regular Season,1,496,6,317,7,375,-3,558,28,455,10,610,35,135,6,465,3,561,2566,288,1979,291,12,333,27629,335
8474570,2014-2015,Regular Season,2,410,4,413,6,425,-13,756,46,280,26,404,10,472,9,387,8,363,3710,214,32,617,6,537,27599,336
8466251,2014-2015,Regular Season,3,299,5,350,8,349,0,330,41,320,64,89,8,518,9,389,15,163,161,526,3260,188,22,151,27559,337
8471283,2014-2015,Regular Season,3,319,7,273,10,292,4,162,39,340,51,154,15,328,7,445,8,370,329,469,4056,104,73,5,27497,338
8475184,2014-2015,Regular Season,5,234,10,175,15,190,6,97,62,174,66,83,7,554,18,132,6,423,3696,216,4,666,52,15,27466,339
8471309,2014-2015,Regular Season,7,130,13,107,20,116,-12,747,67,144,39,255,9,492,14,225,3,542,5508,108,59,585,26,112,27413,340
8471362,2014-2015,Regular Season,5,215,7,263,12,259,3,192,45,284,7,648,14,376,18,127,14,174,2957,263,0,675,2,671,27388,341
8470599,2014-2015,Regular Season,3,313,6,306,9,323,-8,698,47,272,25,415,14,368,3,586,7,415,3175,255,3191,193,6,497,27347,342
8468575,2014-2015,Regular Season,1,457,9,209,10,283,4,161,44,291,21,463,24,214,8,408,18,109,101,565,4524,80,10,370,27336,343
8474013,2014-2015,Regular Season,3,333,2,533,5,488,8,75,34,382,20,478,40,112,9,364,2,598,894,387,478,444,21,168,27330,344
8470611,2014-2015,Regular Season,7,128,5,331,12,263,5,127,66,148,33,316,16,316,11,314,19,96,510,438,1497,332,8,447,27229,345
8467514,2014-2015,Regular Season,13,21,12,121,25,55,4,146,67,141,15,528,9,508,10,351,16,136,4634,154,184,518,6,523,27139,346
8470601,2014-2015,Regular Season,1,476,2,552,3,562,0,346,28,452,29,367,33,148,13,240,2,593,170,523,4040,106,10,376,27096,347
8468639,2014-2015,Regular Season,1,458,6,316,7,374,-4,595,42,310,20,476,28,179,21,83,3,536,3301,246,265,497,4,589,27053,348
8474568,2014-2015,Regular Season,1,506,2,555,3,565,-7,684,35,380,76,54,41,103,19,109,3,538,96,574,3775,133,11,357,26992,349
8477220,2014-2015,Regular Season,0,758,3,515,3,553,3,210,33,391,23,446,29,172,10,330,11,272,20,672,263,498,10,411,26962,350
8466158,2014-2015,Regular Season,0,569,1,617,1,622,3,215,18,550,12,576,24,215,7,441,5,477,95,575,3026,207,12,323,26938,351
8474697,2014-2015,Regular Season,0,667,3,509,3,547,0,344,16,574,106,8,49,67,7,433,1,645,93,580,3782,132,55,12,26797,352
8471348,2014-2015,Regular Season,2,386,3,464,5,469,-6,662,41,323,11,587,27,189,16,169,9,322,2891,266,2689,237,10,389,26758,353
8471338,2014-2015,Regular Season,3,322,3,458,6,431,-6,660,30,430,28,380,22,229,12,268,16,133,335,465,3912,116,16,224,26736,354
8470378,2014-2015,Regular Season,1,474,2,551,3,561,-6,666,16,580,15,534,43,99,12,263,2,594,2771,276,1660,317,12,334,26595,355
8474134,2014-2015,Regular Season,2,405,6,310,8,345,3,197,49,258,26,403,26,200,18,124,4,499,2087,314,839,400,8,453,26587,356
8470619,2014-2015,Regular Season,6,169,2,517,8,366,-2,506,55,226,52,144,31,160,7,437,10,308,224,502,5077,56,33,60,26497,357
8477934,2014-2015,Regular Season,2,441,5,370,7,391,-16,764,47,274,21,462,8,534,15,202,13,212,3938,196,6,661,2,669,26192,358
8476392,2014-2015,Regular Season,4,289,3,455,7,402,-2,507,42,309,100,20,12,411,7,451,10,309,785,397,335,481,28,92,26166,359
8475223,2014-2015,Regular Season,6,189,8,224,14,213,-1,414,30,427,4,696,2,685,9,394,9,335,5134,133,8,657,8,473,26046,360
8477591,2014-2015,Regular Season,8,120,5,330,13,243,-1,417,41,321,32,328,14,361,14,221,12,238,1335,361,2065,283,6,509,25955,361
8467396,2014-2015,Regular Season,6,157,5,336,11,278,-5,631,56,220,65,85,9,489,15,199,13,210,2905,264,237,505,8,459,25949,362
8468518,2014-2015,Regular Season,1,455,4,418,5,455,-5,640,56,221,46,182,13,387,7,450,9,337,202,509,5086,55,14,265,25924,363
8470358,2014-2015,Regular Season,8,99,7,248,15,195,0,314,59,198,30,343,15,336,8,414,13,220,3425,238,1831,305,22,157,25907,364
8470039,2014-2015,Regular Season,3,310,5,353,8,352,6,105,58,202,30,344,11,436,7,452,16,140,2054,319,1859,301,8,442,25830,365
8473426,2014-2015,Regular Season,0,629,4,435,4,496,-5,645,13,607,72,68,53,58,18,118,4,498,101,566,3661,145,39,30,25730,366
8470180,2014-2015,Regular Season,5,211,3,448,8,364,4,170,43,297,55,124,18,280,5,510,5,481,117,552,4271,90,8,432,25720,367
8474189,2014-2015,Regular Season,7,141,5,333,12,265,-2,497,61,188,17,508,18,289,11,310,10,299,357,459,2100,279,16,235,25640,368
8472410,2014-2015,Regular Season,3,329,3,460,6,433,5,136,45,282,42,222,24,213,6,467,6,438,44,634,4863,65,6,488,25569,369
8468505,2014-2015,Regular Season,1,454,6,314,7,372,-1,427,18,553,75,61,8,516,3,599,8,382,734,401,3579,163,36,50,25529,370
8469759,2014-2015,Regular Season,2,376,7,278,9,317,-1,420,43,298,15,530,26,204,8,405,11,276,251,492,4827,69,11,356,25525,371
8473986,2014-2015,Regular Season,7,137,7,252,14,214,4,157,42,305,21,464,8,535,17,160,9,319,2882,268,996,384,14,282,25453,372
8469466,2014-2015,Regular Season,2,371,8,232,10,286,-13,753,53,242,8,637,9,511,14,228,14,183,3708,215,14,640,8,471,25416,373
8477507,2014-2015,Regular Season,2,440,2,544,4,530,-2,513,16,578,46,191,27,185,17,150,6,424,1903,327,472,446,35,56,25367,374
8471693,2014-2015,Regular Season,2,388,7,280,9,319,-1,421,36,370,19,486,23,223,17,151,2,589,2668,283,72,572,14,293,25360,375
8470621,2014-2015,Regular Season,14,14,8,214,22,90,11,33,68,138,23,444,9,505,8,421,8,367,4642,153,336,480,33,63,24911,376
8474642,2014-2015,Regular Season,5,230,4,399,9,335,-5,632,33,398,105,10,35,125,8,399,8,365,63,610,3584,161,15,252,24890,377
8468001,2014-2015,Regular Season,3,304,2,527,5,482,-6,664,28,458,102,15,26,191,3,575,7,411,453,451,5401,38,21,163,24885,378
8476874,2014-2015,Regular Season,1,550,8,242,9,316,1,275,27,464,18,499,33,150,11,301,3,546,1577,348,2852,224,10,387,24850,379
8474034,2014-2015,Regular Season,2,400,13,118,15,186,-4,589,44,295,44,200,4,623,12,293,9,329,4997,141,9,654,24,135,24842,380
8470159,2014-2015,Regular Season,5,209,3,447,8,363,-2,505,37,363,16,522,40,113,9,365,13,219,1157,369,4605,76,13,302,24839,381
8474884,2014-2015,Regular Season,10,64,5,327,15,200,14,19,72,115,21,461,10,474,12,285,24,39,2889,267,214,511,4,590,24826,382
8471703,2014-2015,Regular Season,5,219,12,129,17,151,8,68,41,315,50,163,20,251,11,308,4,511,3154,256,79,568,135,1,24821,383
8465058,2014-2015,Regular Season,1,443,3,477,4,501,6,111,28,448,43,217,32,154,15,190,5,460,1374,358,1024,379,10,403,24794,384
8471254,2014-2015,Regular Season,4,257,7,266,11,269,-2,498,50,255,74,63,5,604,9,391,11,274,2066,315,0,678,17,215,24731,385
8469465,2014-2015,Regular Season,0,584,6,323,6,409,-5,636,19,540,24,437,29,171,16,167,7,390,2320,299,2622,242,13,304,24727,386
8471669,2014-2015,Regular Season,7,132,6,296,13,239,-1,416,50,253,6,664,7,580,5,537,8,377,4023,189,452,452,16,240,24714,387
8477509,2014-2015,Regular Season,1,560,2,563,3,573,-2,517,21,522,29,369,38,118,8,398,15,164,672,412,932,390,8,452,24709,388
8475906,2014-2015,Regular Season,3,354,7,277,10,296,4,165,31,415,17,512,26,202,15,191,13,208,2411,294,362,475,16,243,24571,389
8469492,2014-2015,Regular Season,0,586,3,501,3,539,-1,445,20,531,35,299,34,141,8,401,2,600,626,422,3980,109,8,434,24566,390
8467400,2014-2015,Regular Season,0,573,5,381,5,443,3,206,22,511,30,349,32,156,11,302,4,510,1434,355,2817,228,6,501,24535,391
8473536,2014-2015,Regular Season,4,268,6,303,10,299,0,324,35,379,46,186,22,227,11,307,17,118,992,380,148,532,22,160,24445,392
8468674,2014-2015,Regular Season,0,583,3,500,3,538,-8,706,19,542,52,147,51,64,17,141,5,458,13,683,2017,287,35,55,24429,393
8458951,2014-2015,Regular Season,1,442,5,371,6,413,2,242,26,477,24,433,33,149,10,328,2,597,2483,290,456,451,14,287,24397,394
8474743,2014-2015,Regular Season,4,276,6,304,10,300,5,130,35,374,32,329,35,131,11,300,9,332,2202,307,819,402,6,516,24364,395
8476442,2014-2015,Regular Season,3,357,6,307,9,324,0,325,46,278,9,623,13,406,11,319,15,158,2313,300,1178,362,10,402,24252,396
8473504,2014-2015,Regular Season,4,266,4,402,8,360,5,132,63,166,134,3,10,450,9,386,8,362,291,479,2979,212,32,72,24187,397
8469462,2014-2015,Regular Season,5,207,2,519,7,403,-1,430,36,371,77,52,15,323,12,273,9,327,440,454,601,426,18,203,24014,398
8473574,2014-2015,Regular Season,7,136,5,332,12,264,-5,629,62,180,38,263,13,391,5,522,16,141,154,531,1754,311,8,444,23971,399
8467423,2014-2015,Regular Season,5,201,7,261,12,257,1,272,38,351,34,307,10,467,5,527,4,519,2290,302,1815,308,8,443,23958,400
8471222,2014-2015,Regular Season,0,602,1,624,1,629,-9,722,20,535,43,218,48,72,9,361,4,514,24,667,2090,280,13,306,23891,401
8476430,2014-2015,Regular Season,2,426,10,183,12,247,8,71,55,222,46,183,5,605,11,325,10,302,3615,226,0,674,8,477,23863,402
8470230,2014-2015,Regular Season,1,472,5,374,6,416,-4,600,29,443,41,229,16,313,8,413,12,246,91,582,2956,216,8,439,23820,403
8471498,2014-2015,Regular Season,8,103,5,328,13,241,-2,495,47,269,43,215,14,355,7,446,15,165,966,385,1978,292,4,560,23753,404
8469473,2014-2015,Regular Season,1,460,2,547,3,557,-2,516,27,467,36,288,17,302,6,468,7,405,1055,374,6040,16,4,548,23739,405
8464977,2014-2015,Regular Season,2,362,2,536,4,522,-4,607,34,389,29,365,14,366,3,584,7,414,18,675,2891,221,12,324,23690,406
8474685,2014-2015,Regular Season,3,343,4,409,7,396,-5,635,29,444,40,246,10,462,13,252,9,325,1568,349,3042,205,14,275,23687,407
8476432,2014-2015,Regular Season,6,194,6,298,12,262,-8,695,54,231,65,86,19,262,13,244,15,156,3144,257,1823,307,10,395,23543,408
8469531,2014-2015,Regular Season,1,464,4,421,5,458,-5,641,25,488,41,230,43,94,9,363,8,361,705,405,1937,293,47,20,23468,409
8471236,2014-2015,Regular Season,1,483,3,483,4,507,-7,681,20,534,18,504,29,173,10,331,4,512,2686,282,1060,374,20,181,23453,410
8475235,2014-2015,Regular Season,3,348,7,276,10,295,-3,554,23,502,107,7,17,292,2,624,2,623,171,522,1471,337,39,33,23386,411
8477290,2014-2015,Regular Season,10,72,3,443,13,245,6,100,58,201,62,96,22,226,9,372,12,244,645,419,2139,276,10,393,23347,412
8471717,2014-2015,Regular Season,1,490,1,607,2,609,2,256,12,610,40,250,27,186,8,403,0,696,56,619,2599,248,19,189,23297,413
8471681,2014-2015,Regular Season,5,217,1,586,6,440,-10,730,62,182,71,69,9,488,2,631,14,198,281,480,181,522,11,363,23257,414
8477493,2014-2015,Regular Season,2,437,3,476,5,481,-4,602,38,354,12,569,5,613,10,356,9,334,3287,247,332,483,4,586,23227,415
8468483,2014-2015,Regular Season,11,40,6,292,17,165,2,228,55,224,5,680,1,710,14,232,5,464,4401,170,59,586,6,532,23048,416
8475714,2014-2015,Regular Season,4,283,5,348,9,331,7,81,42,303,16,521,8,542,7,455,6,437,879,388,2609,246,2,629,23036,417
8467334,2014-2015,Regular Season,0,572,1,618,1,623,-4,611,28,457,18,498,43,98,12,262,9,326,142,536,5627,29,6,486,23032,418
8475231,2014-2015,Regular Season,4,281,5,347,9,330,4,169,35,376,59,105,15,327,5,514,20,88,239,495,2661,239,10,390,22886,419
8478137,2014-2015,Regular Season,6,198,7,260,13,238,2,231,28,449,27,397,13,395,11,317,11,271,803,393,766,408,12,341,22822,420
8476356,2014-2015,Regular Season,4,288,3,454,7,401,3,203,66,149,33,317,14,360,2,625,23,49,669,414,1433,341,2,634,22787,421
8471956,2014-2015,Regular Season,2,391,2,540,4,526,-3,566,26,482,58,110,24,212,8,407,7,399,88,586,2616,244,39,32,22625,422
8475167,2014-2015,Regular Season,2,415,8,236,10,290,6,102,32,404,13,558,27,188,21,84,8,354,3400,239,2410,260,18,200,22584,423
8469544,2014-2015,Regular Season,5,208,10,173,15,188,-5,626,91,56,24,421,6,593,7,460,14,195,4510,160,43,603,14,297,22567,424
8475744,2014-2015,Regular Season,4,284,9,202,13,230,7,80,46,275,10,606,3,654,8,429,11,278,2646,286,78,569,8,465,22557,425
8477930,2014-2015,Regular Season,3,361,3,462,6,435,2,243,37,359,37,275,11,433,6,476,15,166,182,518,2385,262,6,506,22557,426
8476440,2014-2015,Regular Season,4,291,8,228,12,254,-2,496,37,362,20,477,13,399,8,418,14,193,906,386,1583,320,8,445,22556,427
8464975,2014-2015,Regular Season,6,153,1,584,7,407,-4,599,46,279,12,568,7,571,2,638,14,199,2754,278,70,574,14,294,22554,428
8474291,2014-2015,Regular Season,5,228,4,398,9,334,-2,502,40,334,38,264,17,300,5,511,13,223,42,638,3033,206,10,386,22495,429
8470740,2014-2015,Regular Season,5,213,7,262,12,258,6,101,54,227,28,379,9,498,14,226,10,295,2902,265,1142,368,6,513,22446,430
8471856,2014-2015,Regular Season,3,328,3,459,6,432,-3,562,27,469,55,126,34,137,8,400,17,120,81,593,4544,78,21,165,22416,431
8474709,2014-2015,Regular Season,4,275,2,526,6,439,1,278,42,308,156,1,22,225,11,306,9,333,279,483,154,528,45,24,22408,432
8468611,2014-2015,Regular Season,2,370,5,362,7,383,-3,559,43,302,85,37,26,192,7,439,11,279,281,481,4428,87,30,81,22401,433
8470169,2014-2015,Regular Season,3,312,1,589,4,532,0,340,29,438,50,166,17,297,9,377,4,515,131,545,2911,220,23,138,22360,434
8475220,2014-2015,Regular Season,4,280,3,453,7,400,-8,700,27,472,87,34,13,378,10,345,5,470,502,440,1259,354,39,34,22272,435
8470207,2014-2015,Regular Season,8,97,6,294,14,217,-1,415,53,238,40,240,11,432,8,419,20,86,3046,259,33,613,12,351,22272,436
8475160,2014-2015,Regular Season,1,514,6,320,7,378,2,239,51,248,75,60,7,553,6,485,13,221,306,475,46,595,27,100,22269,437
8474613,2014-2015,Regular Season,3,342,16,58,19,121,4,150,41,318,13,556,3,652,10,358,14,191,3853,203,1827,306,2,631,22187,438
8476808,2014-2015,Regular Season,3,359,5,359,8,358,-2,504,33,396,18,496,17,307,5,513,3,566,650,417,3202,191,4,555,22087,439
8474098,2014-2015,Regular Season,2,404,5,366,7,387,2,240,36,366,30,347,16,318,4,548,8,378,2037,321,585,427,0,703,21843,440
8465009,2014-2015,Regular Season,2,363,5,360,7,381,3,201,46,276,24,427,23,222,19,110,2,588,2116,312,2982,210,14,276,21831,441
8474668,2014-2015,Regular Season,4,274,7,270,11,273,9,60,38,347,51,155,14,352,3,582,7,413,81,594,1538,326,16,237,21814,442
8468478,2014-2015,Regular Season,0,577,3,498,3,536,1,283,5,676,28,384,52,62,17,140,5,457,3,711,4815,70,6,489,21809,443
8477494,2014-2015,Regular Season,2,438,12,137,14,205,-3,550,27,468,18,500,7,568,12,292,20,85,2757,277,95,557,8,463,21804,444
8475613,2014-2015,Regular Season,1,525,3,489,4,513,-9,719,16,581,20,481,36,124,7,436,2,604,15,680,3386,178,12,322,21775,445
8473673,2014-2015,Regular Season,1,497,3,485,4,509,-5,647,24,495,29,368,38,117,7,435,1,646,860,390,2394,261,4,557,21738,446
8473463,2014-2015,Regular Season,4,263,12,132,16,169,4,153,34,383,99,21,10,452,5,526,25,30,192,513,4153,98,4,551,21661,447
8467331,2014-2015,Regular Season,0,570,2,567,2,586,-2,519,14,594,43,219,43,93,3,573,7,410,696,407,3636,152,8,436,21647,448
8470120,2014-2015,Regular Season,1,469,5,373,6,415,-9,716,28,460,12,573,5,614,14,230,22,61,2224,305,27,622,16,246,21630,449
8476191,2014-2015,Regular Season,1,533,2,560,3,570,7,83,15,582,46,192,32,153,9,368,1,642,11,686,3250,189,9,422,21455,450
8475763,2014-2015,Regular Season,4,286,8,227,12,253,2,234,38,350,26,405,8,530,10,352,23,48,332,466,713,412,8,455,21375,451
8475148,2014-2015,Regular Season,1,511,5,377,6,419,-1,433,24,493,14,544,13,404,3,589,3,571,3916,199,68,577,6,530,21314,452
8474168,2014-2015,Regular Season,0,654,3,507,3,545,0,343,33,395,12,571,7,572,6,486,2,608,135,542,3671,143,10,380,21198,453
8473565,2014-2015,Regular Season,0,634,2,573,2,592,-8,707,19,543,41,231,25,208,11,305,2,596,72,601,2574,252,16,232,21184,454
8470654,2014-2015,Regular Season,2,384,6,308,8,343,0,329,31,417,35,298,15,334,3,581,9,342,103,564,3837,123,14,269,21087,455
8469485,2014-2015,Regular Season,1,462,9,210,10,284,0,322,35,378,3,711,10,486,16,179,14,178,2218,306,1115,369,2,638,21076,456
8475598,2014-2015,Regular Season,0,698,3,511,3,549,4,179,29,435,44,205,42,100,14,210,2,591,44,635,1483,333,17,212,21047,457
8474250,2014-2015,Regular Season,2,409,1,596,3,578,-7,685,31,422,46,187,12,417,5,523,14,196,340,464,2134,277,12,331,21045,458
8470302,2014-2015,Regular Season,2,381,2,539,4,525,-3,565,27,470,49,170,15,329,5,515,8,376,361,458,3759,135,2,621,21034,459
8475287,2014-2015,Regular Season,3,350,1,592,4,535,-4,608,42,311,15,531,13,402,1,662,12,255,112,557,3947,113,10,377,21014,460
8473453,2014-2015,Regular Season,6,178,2,518,8,367,3,200,65,155,65,84,8,517,2,633,8,384,463,449,2694,236,6,504,20985,461
8474573,2014-2015,Regular Season,5,229,5,339,10,303,4,166,41,319,27,396,10,471,13,254,13,213,2131,311,430,460,4,584,20829,462
8477444,2014-2015,Regular Season,4,298,9,204,13,232,0,319,33,394,9,627,14,373,7,448,9,336,2058,318,0,679,6,541,20761,463
8470877,2014-2015,Regular Season,6,173,4,396,10,306,4,167,42,306,40,244,14,356,11,315,6,428,1650,344,35,611,8,468,20686,464
8471385,2014-2015,Regular Season,0,610,4,434,4,495,6,110,15,583,33,320,23,221,14,216,4,501,84,591,2613,245,32,73,20634,465
8476312,2014-2015,Regular Season,0,727,1,651,1,656,0,365,20,530,31,340,14,362,13,249,7,393,53,622,1845,303,25,119,20623,466
8476495,2014-2015,Regular Season,5,238,2,521,7,405,-4,598,30,428,13,559,11,444,5,524,11,283,2739,279,12,644,6,538,20618,467
8475314,2014-2015,Regular Season,7,144,3,445,10,307,3,194,63,168,56,120,10,456,10,348,10,305,2400,295,0,677,15,259,20560,468
8474625,2014-2015,Regular Season,9,80,6,293,15,199,5,123,56,214,54,131,6,584,2,640,7,417,2569,287,44,602,6,534,20547,469
8473432,2014-2015,Regular Season,4,262,7,268,11,271,-2,499,43,299,77,51,9,487,4,555,9,340,304,476,1354,345,77,2,20527,470
8474646,2014-2015,Regular Season,1,509,2,556,3,566,-9,720,23,509,52,146,13,383,1,661,9,347,33,651,3791,129,8,435,20373,471
8467917,2014-2015,Regular Season,1,452,2,546,3,556,-2,515,13,602,16,525,28,182,4,543,2,615,669,415,803,403,11,361,20122,472
8476116,2014-2015,Regular Season,5,236,5,340,10,304,-6,655,49,260,35,297,15,333,10,341,10,304,182,519,2256,270,24,129,20116,473
8477508,2014-2015,Regular Season,0,764,6,326,6,412,-1,432,34,385,56,121,23,216,5,499,11,281,231,500,1265,353,8,448,19993,474
8477505,2014-2015,Regular Season,1,559,3,496,4,520,-17,767,24,497,24,435,14,369,5,519,11,282,2059,317,2177,274,12,330,19905,475
8471657,2014-2015,Regular Season,2,387,3,465,5,470,2,249,29,437,95,25,18,277,3,579,7,412,228,501,3702,140,76,4,19860,476
8470729,2014-2015,Regular Season,0,598,4,433,4,494,-7,680,12,616,28,382,35,132,9,366,6,432,189,515,2593,249,9,423,19830,477
8475186,2014-2015,Regular Season,0,685,3,510,3,548,-1,446,29,440,32,330,19,268,12,270,1,641,1399,357,553,433,12,343,19827,478
8471504,2014-2015,Regular Season,1,488,5,376,6,418,-7,677,40,337,38,265,6,588,6,488,3,563,1898,328,125,542,14,292,19799,479
8467096,2014-2015,Regular Season,2,367,1,593,3,575,4,180,29,436,12,572,25,210,8,406,3,553,3303,244,1111,370,6,514,19714,480
8474125,2014-2015,Regular Season,1,502,4,426,5,463,6,109,13,596,16,524,28,181,5,497,1,652,100,569,1081,372,2,639,19539,481
8468501,2014-2015,Regular Season,0,580,3,499,3,537,6,112,16,569,58,111,26,194,7,440,3,557,61,613,2052,284,6,510,19525,482
8464989,2014-2015,Regular Season,4,243,5,342,9,325,0,326,36,368,4,695,9,514,12,288,4,509,1209,366,709,413,4,577,19253,483
8476975,2014-2015,Regular Season,5,239,2,522,7,406,2,241,37,358,48,177,20,253,5,506,10,311,137,540,2932,218,30,83,19215,484
8466142,2014-2015,Regular Season,0,568,4,431,4,492,4,176,15,586,37,279,23,220,4,544,0,698,87,587,2151,275,16,234,19129,485
8470176,2014-2015,Regular Season,5,210,6,300,11,276,4,160,59,196,32,324,2,673,4,565,17,121,976,384,386,469,16,241,19078,486
8471678,2014-2015,Regular Season,3,325,5,357,8,356,-3,557,28,454,26,409,13,396,12,279,10,298,2867,269,1718,313,10,397,18843,487
8473970,2014-2015,Regular Season,4,269,2,525,6,438,4,173,32,407,76,56,2,671,3,611,4,528,145,534,0,702,4,614,18834,488
8474052,2014-2015,Regular Season,6,181,3,446,9,337,-2,503,28,453,14,543,10,476,5,528,10,314,2061,316,2,672,8,476,18726,489
8474576,2014-2015,Regular Season,3,339,2,534,5,489,-1,440,34,386,38,267,8,522,3,600,8,383,487,442,3,669,4,606,18669,490
8470152,2014-2015,Regular Season,3,311,3,457,6,430,-5,637,32,412,7,651,3,657,8,430,8,368,1914,326,33,614,8,469,18622,491
8466160,2014-2015,Regular Season,2,366,2,537,4,523,3,209,17,558,53,141,12,416,9,383,5,474,357,460,98,556,36,52,18573,492
8471482,2014-2015,Regular Season,0,614,3,505,3,543,0,342,17,560,38,268,16,314,16,174,3,540,526,433,935,389,8,451,18546,493
8467899,2014-2015,Regular Season,3,302,5,351,8,350,-10,729,28,461,6,665,4,642,8,428,10,307,2282,303,45,599,10,417,18522,494
8476880,2014-2015,Regular Season,2,433,7,283,9,322,-1,422,32,409,69,74,13,379,2,626,7,416,46,632,10,652,69,6,18519,495
8470803,2014-2015,Regular Season,4,254,2,523,6,436,-6,661,32,413,22,455,20,257,2,622,5,488,63,611,3235,190,24,127,18415,496
8475246,2014-2015,Regular Season,3,349,3,461,6,434,0,333,28,450,26,408,16,321,10,340,5,469,1302,363,43,604,6,535,18413,497
8475192,2014-2015,Regular Season,4,278,4,403,8,361,-1,426,31,419,30,348,9,497,3,596,8,381,1043,377,657,420,8,456,18386,498
8476235,2014-2015,Regular Season,2,425,7,282,9,321,2,237,33,392,7,650,9,512,5,530,11,284,728,403,366,473,2,654,18207,499
8475185,2014-2015,Regular Season,1,517,2,557,3,567,0,347,23,500,14,545,15,345,6,473,8,372,37,646,2337,266,10,392,18092,500
8475808,2014-2015,Regular Season,1,531,4,429,5,466,-7,678,19,541,51,158,19,266,3,578,3,570,144,535,1883,296,19,190,18041,501
8476389,2014-2015,Regular Season,3,356,9,207,12,250,2,232,51,247,40,242,10,461,3,594,8,380,1667,343,125,543,8,462,18022,502
8469639,2014-2015,Regular Season,3,309,2,528,5,483,-1,438,32,410,24,430,19,270,8,411,8,366,730,402,2602,247,2,630,17963,503
8470105,2014-2015,Regular Season,4,250,5,343,9,326,0,327,36,369,46,185,10,458,3,593,8,379,1274,364,1881,297,22,156,17936,504
8474749,2014-2015,Regular Season,0,671,4,437,4,498,-1,441,26,480,36,289,7,558,8,425,3,555,69,603,1474,334,24,130,17843,505
8476207,2014-2015,Regular Season,0,721,5,390,5,452,2,245,19,537,12,575,15,348,5,517,5,482,987,381,2333,267,6,507,17827,506
8476457,2014-2015,Regular Season,1,541,3,491,4,515,-3,564,21,523,18,502,28,180,12,266,4,507,54,620,3129,195,6,498,17691,507
8471718,2014-2015,Regular Season,1,491,2,553,3,563,1,288,21,518,11,589,7,574,4,560,15,168,72,600,4929,62,13,300,17689,508
8468700,2014-2015,Regular Season,1,459,5,372,6,414,4,172,16,570,50,167,20,252,5,505,8,374,33,652,3426,177,19,188,17616,509
8470289,2014-2015,Regular Season,1,473,2,550,3,560,2,253,22,512,51,157,19,265,5,509,3,565,98,571,4927,63,21,164,17529,510
8474577,2014-2015,Regular Season,0,659,9,212,9,309,1,274,16,573,44,207,8,520,12,289,5,467,1759,335,1165,364,12,339,17347,511
8467493,2014-2015,Regular Season,4,245,3,450,7,397,3,202,18,548,101,18,8,515,2,632,4,532,239,498,45,600,49,17,17345,512
8465166,2014-2015,Regular Season,1,444,3,478,4,502,1,280,24,492,63,94,10,455,3,592,3,572,94,577,5522,33,11,355,17337,513
8475792,2014-2015,Regular Season,6,193,0,661,6,441,-1,435,38,353,25,417,5,610,4,563,7,409,3274,249,55,590,13,309,17287,514
8476806,2014-2015,Regular Season,1,547,3,494,4,518,-4,605,32,411,21,467,9,507,6,482,3,562,69,604,2636,241,17,210,17204,515
8475770,2014-2015,Regular Season,2,423,4,414,6,426,-4,601,45,285,27,394,8,529,7,454,3,559,677,411,384,471,2,653,17155,516
8474605,2014-2015,Regular Season,1,508,3,487,4,511,4,178,23,499,19,488,13,401,17,157,1,637,1533,350,220,510,18,205,17116,517
8469490,2014-2015,Regular Season,2,372,2,538,4,524,-2,512,40,335,71,72,11,430,4,551,5,486,137,541,52,592,60,10,17091,518
8471664,2014-2015,Regular Season,5,216,2,520,7,404,-1,431,41,322,2,732,6,603,3,606,4,526,2472,291,324,484,4,587,17067,519
8469591,2014-2015,Regular Season,0,588,3,502,3,540,-7,683,25,490,54,134,19,263,8,410,2,601,25,665,3557,164,32,70,17059,520
8476483,2014-2015,Regular Season,1,545,7,286,8,341,-1,424,34,384,31,339,10,469,10,349,5,471,1439,354,0,683,8,478,17053,521
8473933,2014-2015,Regular Season,0,640,5,387,5,449,5,139,15,584,28,381,21,242,4,545,5,485,247,494,1553,323,9,426,16884,522
8473465,2014-2015,Regular Season,4,264,2,524,6,437,-9,717,36,372,29,364,7,562,7,458,9,338,2302,301,137,538,6,526,16838,523
8460626,2014-2015,Regular Season,0,564,2,565,2,584,-5,648,13,608,22,457,19,272,7,443,1,648,4,708,3633,153,20,176,16652,524
8475902,2014-2015,Regular Season,0,713,4,439,4,500,-1,442,27,466,21,468,21,244,3,577,2,621,1039,378,1015,382,0,700,16608,525
8470750,2014-2015,Regular Season,4,253,5,344,9,327,3,195,31,416,49,169,13,386,5,520,12,253,679,410,481,443,12,344,16559,526
8471276,2014-2015,Regular Season,4,258,7,267,11,270,1,273,35,377,13,557,10,478,8,420,7,400,1923,325,798,405,10,405,16482,527
8470854,2014-2015,Regular Season,0,600,1,622,1,627,-10,734,17,568,80,48,16,309,6,469,2,606,93,579,2255,271,23,139,16425,528
8475209,2014-2015,Regular Season,6,188,1,585,7,408,5,135,25,483,37,277,20,255,5,507,8,375,125,547,85,561,15,258,16340,529
8476472,2014-2015,Regular Season,0,739,1,653,1,658,-10,735,11,625,13,562,15,347,12,275,7,394,486,443,1205,359,4,567,16329,530
8466393,2014-2015,Regular Season,6,154,5,335,11,277,2,235,44,293,20,475,8,537,5,535,6,444,1705,341,2083,281,4,559,15981,531
8470609,2014-2015,Regular Season,2,383,7,279,9,318,4,168,30,425,43,216,15,330,5,516,6,442,781,399,0,688,4,612,15936,532
8473573,2014-2015,Regular Season,2,396,4,411,6,423,-8,702,23,508,10,612,7,576,10,354,5,472,2371,296,1845,302,4,562,15935,533
8473646,2014-2015,Regular Season,2,397,8,234,10,288,0,323,21,519,40,248,15,331,1,659,6,450,28,661,2976,213,28,90,15931,534
8475250,2014-2015,Regular Season,1,520,4,427,5,464,0,334,28,451,9,628,7,578,3,604,11,287,1891,330,0,680,4,609,15896,535
8467329,2014-2015,Regular Season,5,200,4,397,9,333,-3,556,39,344,9,625,4,638,5,538,2,612,2793,273,3,668,4,605,15799,536
8475650,2014-2015,Regular Season,0,699,2,580,2,599,-7,686,27,471,52,145,10,457,11,321,6,429,139,538,135,539,40,29,15784,537
8476480,2014-2015,Regular Season,2,430,3,474,5,479,2,251,25,486,12,574,11,445,5,525,10,313,1108,372,1159,365,4,568,15781,538
8474736,2014-2015,Regular Season,0,669,1,636,1,641,-9,724,21,525,103,13,11,426,3,591,4,522,216,505,937,388,37,44,15765,539
8476467,2014-2015,Regular Season,1,543,3,493,4,517,-1,444,21,521,46,190,22,228,14,217,2,592,73,599,1033,378,8,450,15738,540
8467346,2014-2015,Regular Season,3,300,1,588,4,531,0,339,27,465,20,480,7,566,7,459,3,560,52,625,566,431,4,580,15604,541
8475625,2014-2015,Regular Season,2,419,3,471,5,476,-6,663,18,555,16,523,19,274,9,375,5,473,1145,370,25,627,4,600,15504,542
8477059,2014-2015,Regular Season,2,434,5,369,7,390,-1,429,29,439,7,652,3,658,6,493,6,441,2809,272,4,667,8,475,15450,543
8473588,2014-2015,Regular Season,3,331,1,590,4,533,0,341,31,418,10,609,9,510,3,598,9,344,59,616,2442,258,11,359,15404,544
8476872,2014-2015,Regular Season,2,432,3,475,5,480,1,279,36,367,29,363,5,608,9,392,6,434,612,423,1545,325,8,446,15117,545
8476476,2014-2015,Regular Season,1,544,0,679,1,679,3,216,20,526,18,503,22,231,3,576,2,620,330,468,431,458,4,583,15021,546
8476856,2014-2015,Regular Season,1,549,3,495,4,519,-4,606,28,456,8,638,12,424,15,198,1,638,1788,332,145,533,6,525,14998,547
8471766,2014-2015,Regular Season,0,623,2,572,2,591,-9,721,14,595,59,107,7,555,5,536,3,567,43,637,0,715,49,18,14878,548
8475671,2014-2015,Regular Season,3,351,0,662,3,583,-3,570,29,442,40,245,4,624,6,490,6,440,91,583,25,628,7,481,14819,549
8474135,2014-2015,Regular Season,0,651,3,506,3,544,1,286,9,640,46,193,16,312,6,470,4,516,53,624,1344,346,12,337,14817,550
8476470,2014-2015,Regular Season,0,738,2,582,2,601,0,352,19,539,10,613,21,246,15,194,0,694,704,406,22,631,13,310,14762,551
8471231,2014-2015,Regular Season,2,385,3,463,5,468,-3,563,15,591,39,259,4,625,6,491,11,280,105,563,83,563,47,21,14703,552
8477845,2014-2015,Regular Season,0,766,1,658,1,663,0,367,21,520,4,697,15,349,4,550,9,339,176,520,182,520,2,659,14619,553
8471817,2014-2015,Regular Season,3,327,2,531,5,486,0,335,17,559,102,17,10,451,2,630,3,577,63,612,12,646,45,25,14452,554
8474089,2014-2015,Regular Season,0,648,0,710,0,710,-10,736,22,515,65,87,2,672,7,462,12,248,196,511,1471,336,31,78,14323,555
8467351,2014-2015,Regular Season,2,368,5,361,7,382,-5,633,17,564,8,640,2,681,13,258,1,640,1650,345,184,519,4,591,13962,556
8475268,2014-2015,Regular Season,1,521,2,558,3,568,-3,567,23,503,36,290,10,465,4,553,7,408,523,434,842,398,4,576,13883,557
8475247,2014-2015,Regular Season,0,689,4,438,4,499,4,177,10,626,49,171,6,585,1,671,6,452,30,655,308,489,39,35,13752,558
8476624,2014-2015,Regular Season,2,431,4,415,6,427,0,332,26,479,24,434,15,340,8,415,11,277,118,551,341,478,14,288,13744,559
8477850,2014-2015,Regular Season,1,561,2,564,3,574,-2,518,16,579,12,577,11,446,10,346,3,548,131,546,462,448,7,479,13496,560
8475274,2014-2015,Regular Season,0,692,1,641,1,646,2,258,9,639,34,313,13,392,9,382,1,643,2,715,1011,383,16,238,13471,561
8470063,2014-2015,Regular Season,1,467,2,549,3,559,-6,665,22,513,11,588,19,276,2,623,4,531,79,595,1806,310,33,62,13374,562
8476279,2014-2015,Regular Season,0,725,3,512,3,550,0,345,13,598,11,591,10,480,7,453,3,558,48,631,731,411,2,643,13294,563
8471761,2014-2015,Regular Season,0,622,2,571,2,590,1,289,20,528,6,666,20,260,4,546,0,699,346,461,429,461,13,307,13226,564
8475855,2014-2015,Regular Season,2,424,3,472,5,477,-1,437,16,575,31,341,10,470,1,664,5,491,50,628,1040,377,4,572,13218,565
8475204,2014-2015,Regular Season,3,347,1,591,4,534,1,282,38,352,18,495,2,676,3,612,4,529,822,392,23,629,8,470,13174,566
8465978,2014-2015,Regular Season,1,446,1,602,2,604,-5,649,29,445,47,179,1,693,3,615,6,448,48,630,27,623,27,101,13167,567
8475775,2014-2015,Regular Season,1,529,3,490,4,514,0,337,20,529,26,410,9,502,3,597,3,573,183,517,20,633,9,428,13164,568
8473560,2014-2015,Regular Season,0,633,4,436,4,497,5,140,15,585,58,112,21,235,10,333,6,430,17,679,1521,328,17,211,13153,569
8467370,2014-2015,Regular Season,3,301,4,405,7,392,1,277,20,527,24,436,9,504,1,665,3,578,1896,329,1144,367,8,449,13140,570
8477407,2014-2015,Regular Season,1,555,6,321,7,379,4,171,18,547,6,667,5,618,6,489,5,479,1524,351,0,682,4,610,13129,571
8474094,2014-2015,Regular Season,1,501,2,554,3,564,3,212,26,476,24,432,8,533,5,534,5,484,162,525,549,434,2,647,13033,572
8470666,2014-2015,Regular Season,4,252,3,451,7,398,5,134,35,375,24,429,5,611,3,608,4,527,91,584,0,708,28,94,12874,573
8473514,2014-2015,Regular Season,2,393,2,541,4,527,-8,705,18,556,37,278,9,493,4,556,9,341,239,497,840,399,14,283,12754,574
8472394,2014-2015,Regular Season,1,495,0,666,1,666,-7,687,8,655,9,633,21,248,2,621,2,622,23,669,1812,309,0,698,12741,575
8470622,2014-2015,Regular Season,3,314,5,354,8,353,3,198,26,475,24,431,13,397,3,588,6,446,605,425,442,455,4,582,12728,576
8475178,2014-2015,Regular Season,2,417,3,469,5,474,-5,642,25,489,33,319,0,722,4,572,3,569,504,439,6,662,26,115,12675,577
8474717,2014-2015,Regular Season,0,668,1,635,1,640,-2,522,10,634,9,631,10,483,5,529,2,610,111,559,95,558,0,717,12615,578
8475716,2014-2015,Regular Season,0,700,1,645,1,650,-4,613,10,637,3,716,12,425,12,282,4,508,133,544,1359,344,2,635,12612,579
8469501,2014-2015,Regular Season,2,373,1,594,3,576,-1,448,24,494,34,310,8,525,5,532,5,483,100,567,0,707,35,57,12468,580
8477500,2014-2015,Regular Season,1,558,5,379,6,421,-2,509,15,589,17,514,7,569,0,712,4,534,92,581,424,464,6,520,12412,581
8470162,2014-2015,Regular Season,1,471,3,482,4,506,1,281,12,611,32,333,8,527,8,422,5,475,116,555,1706,315,16,236,12333,582
8471762,2014-2015,Regular Season,1,492,3,484,4,508,-4,604,21,524,34,311,14,359,1,660,2,625,94,578,632,424,12,342,12319,583
8469622,2014-2015,Regular Season,1,465,3,480,4,504,-1,443,15,588,21,470,1,699,3,616,3,575,2147,309,19,635,4,601,12224,584
8474001,2014-2015,Regular Season,0,644,0,706,0,706,-5,651,17,565,19,490,8,538,3,601,4,524,114,556,2981,211,2,627,12146,585
8476195,2014-2015,Regular Season,1,534,2,561,3,571,-3,568,23,504,19,489,7,567,3,603,6,447,689,408,11,648,14,298,12132,586
8470647,2014-2015,Regular Season,1,478,1,604,2,606,-4,610,17,563,32,331,5,607,1,674,2,626,42,639,34,612,43,26,12044,587
8476448,2014-2015,Regular Season,2,428,1,599,3,581,3,213,24,491,10,611,6,597,8,426,7,401,2423,293,0,676,2,672,11941,588
8475151,2014-2015,Regular Season,5,232,4,400,9,336,1,276,26,478,25,418,8,532,8,423,2,603,1735,338,11,647,23,143,11832,589
8474150,2014-2015,Regular Season,1,503,3,486,4,510,0,336,18,552,11,590,4,635,8,427,7,402,645,420,1219,358,4,566,11778,590
8476779,2014-2015,Regular Season,1,546,2,562,3,572,-3,569,18,554,7,654,10,485,6,480,5,478,1464,352,438,456,0,706,11733,591
8475279,2014-2015,Regular Season,0,693,2,579,2,598,4,182,11,618,19,492,20,258,8,409,3,554,5,703,700,415,4,578,11719,592
8476244,2014-2015,Regular Season,0,724,0,743,0,743,-4,618,9,645,11,594,22,233,7,442,1,647,402,455,16,638,4,602,11680,593
8474661,2014-2015,Regular Season,0,666,0,718,0,718,-4,617,12,615,9,630,14,374,8,417,2,602,1201,367,9,655,2,668,11638,594
8468635,2014-2015,Regular Season,0,582,0,686,0,686,-3,577,13,606,27,398,14,367,3,585,4,521,8,696,1564,322,9,425,11619,595
8475182,2014-2015,Regular Season,1,516,3,488,4,512,8,76,21,516,8,639,10,484,12,287,2,595,671,413,0,689,2,675,11436,596
8473942,2014-2015,Regular Season,0,641,2,576,2,595,1,290,9,641,35,301,10,466,3,595,4,523,67,607,1236,356,2,636,11001,597
8477902,2014-2015,Regular Season,1,562,3,497,4,521,0,338,19,538,26,411,8,531,5,533,6,443,110,561,424,463,4,585,10827,598
8474145,2014-2015,Regular Season,2,406,3,468,5,473,3,208,16,572,44,206,14,353,3,583,1,659,35,649,542,436,18,204,10779,599
8471245,2014-2015,Regular Season,0,604,3,504,3,542,1,285,11,620,13,561,7,570,1,669,3,580,600,426,1552,324,12,336,10576,600
8467332,2014-2015,Regular Season,0,571,2,568,2,587,-2,520,6,672,20,482,15,341,8,416,0,697,0,739,948,387,6,515,10377,601
8475325,2014-2015,Regular Season,1,523,0,671,1,671,-3,576,17,562,29,370,4,628,4,564,1,654,97,572,10,650,16,247,10359,602
8475214,2014-2015,Regular Season,0,688,1,639,1,644,0,362,37,361,21,466,1,698,4,568,6,445,260,489,0,695,19,192,10166,603
8475119,2014-2015,Regular Season,0,676,0,721,0,721,-1,474,12,613,57,117,6,583,1,670,6,451,76,597,397,468,41,27,10138,604
8470054,2014-2015,Regular Season,0,591,1,620,1,625,-3,574,5,681,15,536,20,259,5,508,2,609,31,654,610,425,26,110,10126,605
8474130,2014-2015,Regular Season,0,650,1,631,1,636,-9,723,5,683,30,352,8,528,2,634,6,449,71,602,0,709,37,46,9905,606
8471490,2014-2015,Regular Season,0,615,1,627,1,632,-8,710,17,567,41,232,5,606,3,607,5,487,78,596,570,429,2,645,9702,607
8476468,2014-2015,Regular Season,4,292,1,587,5,491,-4,603,23,505,21,469,8,536,4,558,11,286,761,400,57,587,2,665,9683,608
8476919,2014-2015,Regular Season,0,751,2,583,2,602,-3,571,13,604,6,668,6,600,7,461,7,404,189,514,115,549,4,593,9524,609
8474048,2014-2015,Regular Season,0,647,0,709,0,709,2,259,10,627,23,447,11,439,6,477,1,649,9,694,431,459,32,74,9427,610
8475310,2014-2015,Regular Season,1,522,0,670,1,670,-7,688,17,566,34,312,7,559,7,456,7,403,14,681,120,546,19,191,9414,611
8473589,2014-2015,Regular Season,0,635,2,574,2,593,-8,708,8,656,28,383,16,320,3,580,1,658,38,644,1178,363,2,637,9196,612
8476443,2014-2015,Regular Season,1,540,1,613,2,615,3,214,18,549,2,733,7,582,3,605,1,660,85,589,669,417,0,702,9168,613
8474606,2014-2015,Regular Season,0,662,0,716,0,716,0,383,8,650,13,563,8,545,6,483,1,650,49,629,401,466,2,652,9140,614
8469664,2014-2015,Regular Season,0,589,1,619,1,624,-8,709,18,557,15,533,8,543,2,635,4,533,56,618,1065,373,4,570,9136,615
8469547,2014-2015,Regular Season,2,374,0,664,2,620,1,292,10,628,44,208,1,694,8,431,3,556,5,704,17,637,33,64,8919,616
8474659,2014-2015,Regular Season,0,664,3,508,3,546,5,141,9,638,16,526,12,421,9,384,3,551,517,437,174,523,0,712,8917,617
8473914,2014-2015,Regular Season,3,332,2,532,5,487,-1,439,16,576,8,641,6,598,1,673,6,453,683,409,1244,355,0,699,8888,618
8476478,2014-2015,Regular Season,0,740,3,514,3,552,-2,514,12,614,10,614,13,405,11,318,7,397,789,395,902,394,2,641,8847,619
8471311,2014-2015,Regular Season,3,321,2,529,5,484,4,174,30,426,14,542,4,631,2,644,9,346,112,558,1,673,6,540,8758,620
8471682,2014-2015,Regular Season,0,618,0,696,0,696,-7,689,12,617,12,578,5,615,1,675,0,716,995,379,50,593,4,596,8747,621
8469457,2014-2015,Regular Season,5,205,6,299,11,275,4,159,18,546,3,712,4,646,6,492,1,651,1737,337,0,681,2,673,8410,622
8474594,2014-2015,Regular Season,0,660,2,577,2,596,0,351,5,679,11,597,8,548,8,424,1,644,978,383,986,386,2,640,8347,623
8474873,2014-2015,Regular Season,0,675,2,578,2,597,5,142,7,657,5,683,13,408,2,628,3,576,0,722,930,391,4,574,8342,624
8475752,2014-2015,Regular Season,1,527,0,673,1,673,-2,526,11,623,43,220,8,521,4,557,2,616,161,527,0,700,2,677,8327,625
8471273,2014-2015,Regular Season,0,605,2,570,2,589,-1,450,16,577,17,513,1,700,4,569,1,656,1045,376,1232,357,15,256,8279,626
8475807,2014-2015,Regular Season,0,709,2,581,2,600,-1,451,17,561,24,438,7,563,1,668,9,348,60,615,144,535,0,714,8120,627
8471862,2014-2015,Regular Season,0,626,0,700,0,700,-5,650,24,496,46,189,6,586,4,561,4,520,22,670,0,723,16,248,8097,628
8473571,2014-2015,Regular Season,2,395,3,466,5,471,-1,436,8,651,10,616,10,481,4,554,1,653,1237,365,0,684,0,732,8065,629
8471266,2014-2015,Regular Season,1,484,1,606,2,608,0,354,9,643,30,350,1,697,2,654,5,490,9,693,151,531,0,713,7988,630
8471241,2014-2015,Regular Season,0,603,0,690,0,690,-3,578,1,752,28,385,21,243,2,620,4,530,18,676,543,435,4,581,7983,631
8473911,2014-2015,Regular Season,2,398,2,542,4,528,2,252,15,587,32,332,1,696,1,693,2,630,18,678,283,494,30,86,7968,632
8474519,2014-2015,Regular Season,0,657,1,633,1,638,-1,456,8,652,9,632,13,407,3,590,0,701,1,718,63,583,2,664,7865,633
8476466,2014-2015,Regular Season,0,736,3,513,3,551,-4,609,11,624,8,643,4,639,2,647,5,489,121,550,0,704,4,615,7493,634
8475414,2014-2015,Regular Season,1,524,0,672,1,672,-1,462,10,633,29,372,3,651,0,717,3,583,30,656,444,454,2,649,7262,635
8476465,2014-2015,Regular Season,0,735,1,652,1,657,-3,575,13,605,1,747,8,551,6,484,2,607,1337,360,5,664,2,670,7080,636
8465951,2014-2015,Regular Season,2,364,4,410,6,422,3,205,8,647,12,579,8,547,3,602,4,525,35,648,1293,350,4,565,7021,637
8473658,2014-2015,Regular Season,0,637,5,386,5,448,2,244,8,648,11,595,14,372,0,711,0,734,1,719,370,472,9,427,6809,638
8475907,2014-2015,Regular Season,0,714,1,648,1,653,-2,524,15,590,25,420,4,630,3,609,3,574,519,436,26,626,2,667,6807,639
8476852,2014-2015,Regular Season,0,748,1,654,1,659,1,299,4,685,14,547,8,544,2,636,0,706,14,682,259,500,6,522,6803,640
8476436,2014-2015,Regular Season,2,427,1,598,3,580,0,348,10,630,18,506,2,677,1,689,1,679,68,606,3,671,4,608,6644,641
8474497,2014-2015,Regular Season,0,656,1,632,1,637,1,295,7,658,6,669,9,513,5,531,2,611,27,663,284,493,0,708,6462,642
8473682,2014-2015,Regular Season,0,638,2,575,2,594,0,350,5,678,3,719,8,550,1,667,3,579,117,553,844,396,0,701,6448,643
8476209,2014-2015,Regular Season,0,722,1,650,1,655,-2,525,13,603,11,592,1,702,0,730,2,633,0,724,696,416,2,644,6333,644
8475208,2014-2015,Regular Season,1,518,0,669,1,669,0,369,4,688,11,599,8,549,1,666,0,715,157,529,318,486,2,656,6331,645
8475759,2014-2015,Regular Season,2,422,1,597,3,579,4,181,8,646,4,699,13,409,2,629,1,663,147,533,1110,371,4,569,6291,646
8470871,2014-2015,Regular Season,1,482,1,605,2,607,0,353,13,599,19,491,0,723,0,738,0,747,52,626,81,565,6,528,6242,647
8473722,2014-2015,Regular Season,1,498,1,608,2,610,-2,521,7,663,35,302,3,650,5,539,2,613,3,712,0,734,24,136,6181,648
8477126,2014-2015,Regular Season,0,755,1,657,1,662,-1,459,11,622,29,371,6,591,4,562,2,617,19,674,294,492,12,347,6032,649
8476989,2014-2015,Regular Season,0,754,1,656,1,661,0,366,12,612,4,698,5,619,1,676,5,492,0,721,0,738,6,543,5951,650
8477070,2014-2015,Regular Season,1,553,1,615,2,617,4,183,16,571,35,300,0,721,1,698,3,582,1,717,0,736,23,144,5884,651
8475175,2014-2015,Regular Season,0,682,1,638,1,643,-2,523,9,644,8,645,0,726,1,700,0,726,193,512,0,697,6,542,5878,652
8476807,2014-2015,Regular Season,1,548,0,680,1,680,0,371,6,668,9,634,7,579,6,487,4,518,441,453,36,610,0,723,5780,653
8471388,2014-2015,Regular Season,0,611,1,626,1,631,-1,454,6,670,23,448,7,564,2,637,1,664,13,684,513,441,14,286,5734,654
8466149,2014-2015,Regular Season,1,447,1,603,2,605,-3,572,8,654,15,535,6,594,1,672,1,673,3,714,283,495,2,657,5657,655
8477448,2014-2015,Regular Season,1,556,1,616,2,618,0,357,14,592,26,412,4,629,1,679,3,581,330,467,7,658,0,729,5617,656
8477933,2014-2015,Regular Season,0,769,1,659,1,664,-1,460,3,709,3,724,5,621,1,678,2,627,66,609,0,710,2,680,5596,657
8475797,2014-2015,Regular Season,0,708,1,647,1,652,-4,614,4,696,10,618,12,422,1,663,0,714,0,742,222,508,7,480,5559,658
8475917,2014-2015,Regular Season,0,715,0,737,0,737,-1,476,7,661,11,596,4,636,1,680,1,674,39,643,7,659,6,539,5478,659
8475162,2014-2015,Regular Season,0,680,1,637,1,642,2,257,2,713,10,619,5,617,2,642,1,666,0,730,457,450,6,519,5364,660
8476428,2014-2015,Regular Season,1,538,0,678,1,678,1,302,18,551,7,653,1,706,0,733,3,585,158,528,0,701,4,613,5296,661
8475761,2014-2015,Regular Season,1,528,2,559,3,569,-1,447,11,621,10,615,2,680,2,651,2,624,111,560,0,705,2,678,5264,662
8473989,2014-2015,Regular Season,0,642,0,704,0,704,-2,530,8,653,27,399,2,674,2,650,1,669,7,698,0,728,12,354,5250,663
8469470,2014-2015,Regular Season,0,585,2,569,2,588,2,255,6,666,10,617,3,655,5,540,3,568,362,457,3,670,4,607,4945,664
8474061,2014-2015,Regular Season,1,500,1,609,2,611,0,355,13,600,40,249,1,695,4,567,1,655,4,709,10,653,26,114,4922,665
8477922,2014-2015,Regular Season,1,563,4,430,5,467,3,207,11,619,5,681,2,684,4,566,2,618,34,650,0,719,4,617,4919,666
8476850,2014-2015,Regular Season,0,747,0,759,0,759,-3,583,1,753,2,743,3,668,0,724,2,632,313,472,338,479,2,655,4683,667
8473992,2014-2015,Regular Season,0,643,0,705,0,705,-2,531,4,694,5,686,11,449,4,552,0,700,8,697,168,524,5,545,4470,668
8474535,2014-2015,Regular Season,1,505,1,610,2,612,-1,452,10,632,3,715,1,713,2,656,1,670,789,396,0,687,0,733,4390,669
8476449,2014-2015,Regular Season,0,733,0,750,0,750,-3,582,4,695,4,702,4,645,0,716,1,685,83,592,567,430,2,646,4288,670
8475728,2014-2015,Regular Season,1,526,1,611,2,613,-1,453,7,660,6,670,1,708,1,696,0,724,67,608,69,576,4,595,4263,671
8474660,2014-2015,Regular Season,0,665,1,634,1,639,1,296,7,659,2,734,2,689,1,692,0,722,469,447,317,487,0,707,4262,672
8477956,2014-2015,Regular Season,0,770,1,660,1,665,0,368,14,593,3,713,0,742,5,541,2,614,544,430,0,690,0,734,4206,673
8475810,2014-2015,Regular Season,1,532,0,674,1,674,-1,463,13,601,8,642,1,704,4,570,1,657,236,499,12,645,4,604,4122,674
8471371,2014-2015,Regular Season,0,609,0,692,0,692,0,378,8,649,30,351,6,590,0,713,1,683,6,702,0,731,13,311,3853,675
8473546,2014-2015,Regular Season,2,394,0,665,2,621,-3,573,7,665,4,700,2,686,3,614,1,661,0,728,484,442,2,648,3853,676
8476404,2014-2015,Regular Season,0,729,0,746,0,746,0,396,3,708,14,548,0,724,1,699,5,493,96,573,10,651,12,353,3851,677
8476888,2014-2015,Regular Season,0,749,1,655,1,660,-1,458,5,680,6,672,2,683,2,652,0,711,215,507,66,580,0,721,3768,678
8477887,2014-2015,Regular Season,0,767,0,769,0,769,-4,619,4,697,11,601,2,679,0,726,1,688,24,668,111,552,4,594,3730,679
8476410,2014-2015,Regular Season,1,537,0,677,1,677,0,370,10,631,5,682,0,734,0,744,7,418,53,623,0,713,4,616,3683,680
8468482,2014-2015,Regular Season,0,578,0,685,0,685,-2,528,7,664,5,684,3,661,0,719,1,686,342,463,0,693,0,737,3676,681
8471474,2014-2015,Regular Season,0,613,0,693,0,693,1,303,10,629,3,714,0,743,1,704,1,681,474,446,0,692,0,736,3627,682
8467988,2014-2015,Regular Season,0,576,0,684,0,684,-4,615,6,675,14,546,2,678,3,613,0,703,800,394,0,686,4,611,3610,683
8473537,2014-2015,Regular Season,0,631,0,702,0,702,-1,467,6,671,5,685,3,662,0,720,1,687,29,658,38,606,8,467,3598,684
8477413,2014-2015,Regular Season,2,436,1,600,3,582,0,349,5,677,3,718,4,647,2,649,0,710,498,441,0,691,0,735,3535,685
8475747,2014-2015,Regular Season,0,704,0,730,0,730,1,305,3,700,5,688,4,643,0,715,0,735,4,710,187,517,2,658,3474,686
8476798,2014-2015,Regular Season,0,746,0,758,0,758,3,217,3,698,5,687,7,581,2,639,0,707,38,645,0,717,2,681,3426,687
8475869,2014-2015,Regular Season,0,712,0,736,0,736,-1,475,1,744,8,646,3,656,0,718,0,736,29,660,463,447,0,705,3411,688
8475727,2014-2015,Regular Season,0,701,0,728,0,728,-2,535,6,674,2,735,0,751,1,706,1,682,387,456,29,619,0,725,3250,689
8474025,2014-2015,Regular Season,0,646,0,708,0,708,-3,580,5,682,12,580,4,633,2,646,0,709,0,740,0,749,17,217,3245,690
8476419,2014-2015,Regular Season,0,730,0,747,0,747,-1,478,4,693,13,564,4,632,2,645,1,667,13,685,521,440,0,704,3226,691
8477510,2014-2015,Regular Season,0,765,3,516,3,554,3,211,4,684,11,598,3,653,1,684,2,628,29,657,0,720,2,682,3208,692
8473647,2014-2015,Regular Season,0,636,1,630,1,635,-1,455,2,722,2,739,2,690,0,728,0,740,0,752,80,567,0,720,3191,693
8467977,2014-2015,Regular Season,0,575,0,683,0,683,-2,527,10,635,11,593,1,703,0,731,3,584,18,677,0,725,4,619,3186,694
8476431,2014-2015,Regular Season,1,539,1,612,2,614,1,291,2,714,1,749,5,622,2,643,0,708,869,389,0,685,2,674,3161,695
8476884,2014-2015,Regular Season,1,552,1,614,2,616,0,356,3,701,2,738,1,715,3,617,0,704,280,482,0,694,0,738,3157,696
8477501,2014-2015,Regular Season,0,763,0,768,0,768,-3,584,2,731,5,692,1,711,4,571,2,619,175,521,0,698,2,676,3042,697
8475295,2014-2015,Regular Season,0,694,1,642,1,647,-4,612,2,732,6,678,0,732,1,701,5,494,8,695,437,457,2,650,3020,698
8475266,2014-2015,Regular Season,0,691,1,640,1,645,-1,457,2,723,5,690,4,644,2,648,1,668,0,731,0,742,2,689,3013,699
8475739,2014-2015,Regular Season,0,703,1,646,1,651,1,298,6,667,6,671,3,659,1,685,1,677,42,640,260,499,0,710,2995,700
8477214,2014-2015,Regular Season,0,757,0,763,0,763,-1,484,2,727,6,677,0,731,3,619,0,705,28,662,0,722,4,618,2928,701
8476482,2014-2015,Regular Season,0,742,0,754,0,754,-1,480,7,662,7,656,4,641,1,682,0,718,36,647,0,718,0,745,2867,702
8474793,2014-2015,Regular Season,1,510,0,667,1,667,-1,461,2,724,7,658,0,728,0,741,0,750,108,562,0,706,2,679,2689,703
8474192,2014-2015,Regular Season,0,655,0,714,0,714,0,382,3,704,3,722,3,665,1,687,0,719,11,687,13,641,4,603,2533,704
8476403,2014-2015,Regular Season,1,536,0,676,1,676,-1,464,4,692,6,674,6,601,0,714,1,684,0,734,0,745,2,691,2494,705
8476769,2014-2015,Regular Season,0,745,0,757,0,757,-1,482,1,746,16,527,1,701,1,694,0,723,45,633,0,714,17,216,2458,706
8475796,2014-2015,Regular Season,0,707,0,733,0,733,0,389,0,761,1,759,4,648,1,683,1,676,5,706,131,540,0,715,2433,707
8477213,2014-2015,Regular Season,1,554,0,681,1,681,0,372,4,689,11,600,5,616,2,641,1,665,0,729,266,496,0,709,2432,708
8471636,2014-2015,Regular Season,0,616,0,694,0,694,-2,529,3,710,6,675,0,730,0,743,2,634,0,725,405,465,2,651,2410,709
8477227,2014-2015,Regular Season,0,759,0,764,0,764,-2,540,10,636,7,655,4,640,1,681,1,675,21,671,0,724,2,683,2393,710
8476423,2014-2015,Regular Season,0,731,0,748,0,748,0,397,6,669,3,717,1,714,0,735,0,744,54,621,0,712,0,743,2272,711
8470760,2014-2015,Regular Season,0,599,1,621,1,626,0,359,2,716,4,706,5,620,1,677,0,717,26,664,80,566,2,663,2270,712
8474597,2014-2015,Regular Season,0,661,0,715,0,715,-1,471,2,725,0,766,1,719,1,697,0,725,0,745,143,536,2,660,2228,713
8469542,2014-2015,Regular Season,0,587,0,687,0,687,0,374,4,690,2,736,3,667,0,723,0,738,0,750,429,462,8,458,2041,714
8477498,2014-2015,Regular Season,0,762,0,767,0,767,-2,541,2,730,5,691,0,736,0,745,0,752,25,666,46,596,0,722,2039,715
8473700,2014-2015,Regular Season,0,639,0,703,0,703,-3,579,3,711,6,676,3,660,3,610,0,702,10,691,240,504,0,711,2017,716
8471299,2014-2015,Regular Season,0,607,1,625,1,630,1,293,3,699,3,720,0,744,0,751,3,586,61,614,0,711,0,742,2000,717
8475733,2014-2015,Regular Season,0,702,0,729,0,729,-3,581,3,712,1,748,3,670,0,725,0,739,0,751,0,754,0,758,1941,718
8475161,2014-2015,Regular Season,1,515,0,668,1,668,1,300,4,686,6,673,1,709,2,655,0,713,2,716,0,735,2,687,1938,719
8476336,2014-2015,Regular Season,1,535,0,675,1,675,1,301,9,642,8,644,1,705,0,732,0,742,0,753,0,755,0,759,1932,720
8476179,2014-2015,Regular Season,0,720,0,741,0,741,-2,537,2,728,3,726,3,666,0,722,2,631,3,713,243,502,5,544,1928,721
8476451,2014-2015,Regular Season,0,734,0,751,0,751,-1,479,2,726,2,740,1,716,2,657,1,671,5,705,0,732,2,686,1840,722
8475842,2014-2015,Regular Season,0,711,0,735,0,735,0,391,3,707,5,689,0,735,1,703,0,728,0,747,121,545,2,661,1791,723
8475980,2014-2015,Regular Season,0,717,0,738,0,738,-2,536,0,769,3,731,2,688,1,691,0,721,0,744,5,665,0,731,1785,724
8471767,2014-2015,Regular Season,0,624,0,699,0,699,-4,616,0,770,7,661,1,707,1,695,1,680,0,733,0,744,2,690,1660,725
8460720,2014-2015,Regular Season,0,565,0,682,0,682,0,373,3,702,3,721,3,664,1,686,1,678,10,690,0,727,2,684,1517,726
8476906,2014-2015,Regular Season,0,750,0,760,0,760,-2,539,2,729,0,767,1,720,3,618,1,662,260,490,0,696,0,739,1507,727
8476435,2014-2015,Regular Season,0,732,0,749,0,749,-2,538,1,750,1,758,0,764,1,710,0,733,170,524,0,699,0,740,1476,728
8476043,2014-2015,Regular Season,0,719,0,740,0,740,0,393,4,691,2,737,0,752,2,658,1,672,0,732,0,743,0,752,1475,729
8475430,2014-2015,Regular Season,0,695,1,643,1,648,0,363,1,735,1,751,2,691,0,729,0,741,7,701,6,663,0,730,1410,730
8476921,2014-2015,Regular Season,0,752,0,761,0,761,1,306,2,715,4,705,0,739,0,748,0,754,5,707,0,733,0,749,1381,731
8474772,2014-2015,Regular Season,0,672,0,720,0,720,1,304,0,754,7,659,2,682,0,727,1,689,0,735,0,746,2,692,1375,732
8472365,2014-2015,Regular Season,0,627,0,701,0,701,0,380,0,757,6,679,0,733,1,702,0,727,0,746,0,751,14,299,1365,733
8475958,2014-2015,Regular Season,0,716,1,649,1,654,0,364,2,717,0,763,1,718,0,737,0,746,1,720,0,737,10,420,1277,734
8470644,2014-2015,Regular Season,0,596,0,689,0,689,0,376,3,703,4,703,0,738,0,747,0,753,20,673,11,649,0,728,1275,735
8475996,2014-2015,Regular Season,0,718,0,739,0,739,0,392,1,737,1,753,0,759,0,761,0,764,0,765,0,767,0,768,1274,736
8474095,2014-2015,Regular Season,0,649,0,711,0,711,-1,469,1,741,5,693,3,663,0,721,0,737,0,749,0,753,0,757,1249,737
8477916,2014-2015,Regular Season,0,768,0,770,0,770,-2,542,1,751,3,728,0,748,0,754,1,691,29,659,0,721,0,746,1224,738
8474008,2014-2015,Regular Season,0,645,0,707,0,707,-1,468,1,740,1,755,0,761,0,762,2,635,0,726,0,740,0,751,1198,739
8471663,2014-2015,Regular Season,0,617,0,695,0,695,-1,465,0,764,7,660,0,729,0,742,0,751,0,757,0,759,2,693,1174,740
8474137,2014-2015,Regular Season,0,652,0,712,0,712,0,381,0,758,3,730,0,750,0,756,0,760,0,761,0,763,0,764,1172,741
8476479,2014-2015,Regular Season,0,741,0,753,0,753,0,399,2,721,3,725,0,746,0,752,0,757,142,537,0,703,0,741,1140,742
8473542,2014-2015,Regular Season,0,632,1,629,1,634,1,294,1,733,10,620,0,725,0,739,0,748,0,756,0,758,7,482,1123,743
8475154,2014-2015,Regular Season,0,679,0,724,0,724,0,385,3,705,4,704,2,687,1,690,2,629,0,723,0,739,0,750,1107,744
8471840,2014-2015,Regular Season,0,625,1,628,1,633,0,361,4,687,7,657,0,727,0,740,0,749,11,688,37,607,4,597,1052,745
8475826,2014-2015,Regular Season,0,710,0,734,0,734,0,390,3,706,3,723,0,745,1,705,0,729,7,699,0,729,2,685,1025,746
8474744,2014-2015,Regular Season,0,670,0,719,0,719,-1,473,1,743,3,727,0,747,0,753,0,758,11,689,0,726,0,747,1020,747
8475165,2014-2015,Regular Season,0,681,0,725,0,725,-2,533,6,673,4,701,0,737,0,746,1,690,0,736,89,559,0,718,997,748
8476469,2014-2015,Regular Season,0,737,0,752,0,752,0,398,0,763,4,709,0,741,0,750,0,756,0,759,0,761,0,762,887,749
8475260,2014-2015,Regular Season,0,690,0,727,0,727,0,386,2,719,4,707,1,712,0,734,0,743,0,754,0,756,0,760,768,750
8476539,2014-2015,Regular Season,0,744,0,756,0,756,-1,481,1,745,1,756,0,762,0,763,0,765,42,641,0,716,0,744,753,751
8475147,2014-2015,Regular Season,0,677,0,722,0,722,0,384,2,718,0,764,0,766,0,766,2,636,0,727,0,741,2,688,726,752
8476214,2014-2015,Regular Season,0,723,0,742,0,742,0,394,2,720,0,765,0,767,0,767,1,693,0,738,0,748,0,754,713,753
8475150,2014-2015,Regular Season,0,678,0,723,0,723,-2,532,1,749,2,742,0,754,0,758,0,762,0,763,0,765,0,766,700,754
8474638,2014-2015,Regular Season,0,663,0,717,0,717,-1,472,0,766,2,746,0,756,1,707,0,730,10,692,33,615,0,724,695,755
8477410,2014-2015,Regular Season,0,761,0,766,0,766,-1,485,1,748,2,741,0,753,0,757,0,761,0,762,0,764,0,765,679,756
8475780,2014-2015,Regular Season,0,705,0,731,0,731,0,387,0,759,4,708,0,740,0,749,0,755,0,758,0,760,2,694,678,757
8471710,2014-2015,Regular Season,0,619,0,697,0,697,-1,466,0,765,1,760,2,692,2,653,0,712,0,741,0,750,0,755,664,758
8475461,2014-2015,Regular Season,0,697,1,644,1,649,1,297,1,734,1,750,0,757,0,760,1,692,0,737,0,747,0,753,585,759
8474164,2014-2015,Regular Season,0,653,0,713,0,713,-1,470,1,742,0,769,0,769,0,769,0,769,0,769,0,769,2,695,515,760
8477228,2014-2015,Regular Season,0,760,0,765,0,765,0,401,1,739,0,768,0,768,0,768,0,768,0,768,118,548,0,716,484,761
8475795,2014-2015,Regular Season,0,706,0,732,0,732,0,388,0,760,2,745,3,669,1,688,0,720,0,743,16,639,9,429,482,762
8476339,2014-2015,Regular Season,0,728,0,745,0,745,-1,477,0,767,1,761,0,765,0,765,0,767,0,767,27,624,0,726,437,763
8471326,2014-2015,Regular Season,0,608,0,691,0,691,0,377,0,755,2,744,0,755,0,759,0,763,0,764,0,766,0,767,406,764
8476944,2014-2015,Regular Season,0,753,0,762,0,762,-1,483,1,747,1,757,0,763,0,764,0,766,0,766,0,768,0,769,370,765
8476536,2014-2015,Regular Season,0,743,0,755,0,755,0,400,1,738,1,754,0,760,1,709,0,732,0,748,0,752,0,756,366,766
8475203,2014-2015,Regular Season,0,687,0,726,0,726,-2,534,0,768,1,762,1,717,0,736,0,745,0,755,0,757,0,761,363,767
8471733,2014-2015,Regular Season,0,621,0,698,0,698,0,379,0,756,3,729,0,749,0,755,0,759,0,760,0,762,0,763,330,768
8470189,2014-2015,Regular Season,0,592,0,688,0,688,0,375,1,736,1,752,0,758,1,708,0,731,7,700,0,730,0,748,315,769
8476293,2014-2015,Regular Season,0,726,0,744,0,744,0,395,0,762,0,770,0,770,0,770,0,770,0,770,0,770,0,770,261,770
